0.974,0.003675,0.003575,3.75e-05,0.003475,2.5e-05,0.0001125,0,0.0035875,0,1.25e-05,0,3.75e-05,0,0,0,0.003525,1.25e-05,0,0,2.5e-05,0,0,0,0.0001375,0,0,0,0,0,0,0,0.0039375,0,2.5e-05,0,0,0,0,0,2.5e-05,0,0,0,0,0,0,0,7.5e-05,0,0,0,0,0,0,0,0,0,0,0,0,0,0,0,0.0036125,0,0,0,0,0,0,0,1.25e-05,0,0,0,0,0,0,0,0,0,0,0,0,0,0,0,0,0,0,0,0,0,0,0,7.5e-05,0,0,0,0,0,0,0,0,0,0,0,0,0,0,0,0,0,0,0,0,0,0,0,0,0,0,0,0,0,0,0
0.010663,0.96436,6.25e-05,0.0059875,2.5e-05,0.0036,0,0.0001375,3.75e-05,0.003575,0,1.25e-05,0,3.75e-05,0,0,1.25e-05,0.003575,0,0,0,2.5e-05,0,0,1.25e-05,0.0001125,0,0,0,0,0,0,2.5e-05,0.003875,0,6.25e-05,0,1.25e-05,0,0,0,2.5e-05,0,0,0,0,0,0,0,7.5e-05,0,0,0,0,0,0,0,0,0,0,0,0,0,0,5e-05,0.003525,0,1.25e-05,0,1.25e-05,0,0,0,1.25e-05,0,0,0,0,0,0,0,0,0,0,0,0,0,0,0,0,0,0,0,0,0,0,0,7.5e-05,0,0,0,0,0,0,0,0,0,0,0,0,0,0,0,0,0,0,0,0,0,0,0,0,0,0,0,0,0,0
0.012925,0.0001125,0.95351,0.011288,5e-05,0,0.006725,8.75e-05,3.75e-05,0,0.0036375,6.25e-05,0,0,6.25e-05,0,3.75e-05,0,0.0034375,3.75e-05,0,0,2.5e-05,0,0,0,0.00015,0,0,0,0,0,5e-05,0,0.0038875,3.75e-05,0,0,3.75e-05,0,0,0,2.5e-05,0,0,0,0,0,0,0,7.5e-05,0,0,0,0,0,0,0,0,0,0,0,0,0,6.25e-05,0,0.003475,2.5e-05,0,0,5e-05,0,0,0,1.25e-05,0,0,0,0,0,0,0,0,0,0,0,0,0,0,0,0,0,0,0,0,0,0,0,7.5e-05,0,0,0,0,0,0,0,0,0,0,0,0,0,0,0,0,0,0,0,0,0,0,0,0,0,0,0,0,0
0.0001125,0.012587,0.009975,0.9543,0,5e-05,7.5e-05,0.0074625,0,2.5e-05,3.75e-05,0.003775,0,0,0,6.25e-05,0,3.75e-05,1.25e-05,0.003525,0,0,0,2.5e-05,0,0,1.25e-05,0.000125,0,0,0,0,0,5e-05,2.5e-05,0.0039125,0,0,0,3.75e-05,0,0,0,2.5e-05,0,0,0,0,0,0,0,7.5e-05,0,0,0,0,0,0,0,0,0,0,0,0,0,6.25e-05,5e-05,0.0034125,0,0,0,6.25e-05,0,0,0,1.25e-05,0,0,0,0,0,0,0,0,0,0,0,0,0,0,0,0,0,0,0,0,0,0,0,7.5e-05,0,0,0,0,0,0,0,0,0,0,0,0,0,0,0,0,0,0,0,0,0,0,0,0,0,0,0,0
0.010412,5e-05,0.0001,0,0.95327,0.00385,0.01475,0.000125,6.25e-05,0,0,0,0.005675,1.25e-05,5e-05,0,3.75e-05,0,0,0,0.0035875,1.25e-05,5e-05,0,0,0,0,0,0.0001875,0,0,0,3.75e-05,0,0,0,0.0038125,0,6.25e-05,0,0,0,0,0,7.5e-05,0,0,0,0,0,0,0,6.25e-05,0,0,0,0,0,0,0,0,0,0,0,1.25e-05,0,0,0,0.0035875,0,0,0,0,0,0,0,2.5e-05,0,1.25e-05,0,0,0,0,0,0,0,0,0,0,0,0,0,0,0,0,0,0,0,0,0,7.5e-05,0,0,0,0,0,0,0,0,0,0,0,0,0,0,0,0,0,0,0,0,0,0,0,0,0,0,0
0.00015,0.0102,0,0.0001875,0.010287,0.93665,0.0001875,0.024725,0,6.25e-05,0,0,7.5e-05,0.0057125,0,0.0001,0,3.75e-05,0,0,1.25e-05,0.0035875,0,8.75e-05,0,0,0,0,1.25e-05,0.0001625,0,0,0,3.75e-05,0,0,2.5e-05,0.003725,0,0.0001375,0,0,0,0,0,7.5e-05,0,0,0,0,0,0,0,6.25e-05,0,0,0,0,0,0,0,0,0,0,0,1.25e-05,0,0,5e-05,0.0035,0,2.5e-05,0,0,0,0,0,2.5e-05,0,1.25e-05,0,0,0,0,0,0,0,0,0,0,0,0,0,0,0,0,0,0,0,0,0,7.5e-05,0,0,0,0,0,0,0,0,0,0,0,0,0,0,0,0,0,0,0,0,0,0,0,0,0,0
0.0001625,0,0.0097,0.0001625,0.011875,8.75e-05,0.94673,0.012937,0,0,7.5e-05,0,7.5e-05,0,0.0063625,0.000125,0,0,3.75e-05,0,2.5e-05,0,0.0036,3.75e-05,0,0,0,0,0,0,0.0002,0,0,0,3.75e-05,0,3.75e-05,0,0.0038625,3.75e-05,0,0,0,0,0,0,7.5e-05,0,0,0,0,0,0,0,6.25e-05,0,0,0,0,0,0,0,0,0,0,0,1.25e-05,0,6.25e-05,0,0.0034875,2.5e-05,0,0,0,0,0,0,3.75e-05,0,0,0,0,0,0,0,0,0,0,0,0,0,0,0,0,0,0,0,0,0,0,0,7.5e-05,0,0,0,0,0,0,0,0,0,0,0,0,0,0,0,0,0,0,0,0,0,0,0,0,0
1.25e-05,0.00015,0.000125,0.0097125,0.0001,0.011487,0.0098375,0.94998,0,0,0,7.5e-05,0,6.25e-05,6.25e-05,0.0066625,0,0,0,3.75e-05,0,2.5e-05,1.25e-05,0.003675,0,0,0,0,0,0,1.25e-05,0.000175,0,0,0,3.75e-05,0,3.75e-05,2.5e-05,0.0038875,0,0,0,0,0,0,0,7.5e-05,0,0,0,0,0,0,0,6.25e-05,0,0,0,0,0,0,0,0,0,0,0,1.25e-05,0,6.25e-05,5e-05,0.0034375,0,0,0,0,0,0,0,3.75e-05,0,0,0,0,0,0,0,0,0,0,0,0,0,0,0,0,0,0,0,0,0,0,0,7.5e-05,0,0,0,0,0,0,0,0,0,0,0,0,0,0,0,0,0,0,0,0,0,0,0,0
0.011725,3.75e-05,1.25e-05,0,7.5e-05,0,0,0,0.94768,0.0035625,0.0036625,3.75e-05,0.019662,0.0001375,0.0003,0,3.75e-05,0,0,0,0,0,0,0,0.004825,2.5e-05,0,0,0.0001375,0,0,0,3.75e-05,0,0,0,0,0,0,0,0.0040625,0,2.5e-05,0,0.0001125,0,0,0,0,0,0,0,0,0,0,0,0.0001,0,0,0,0,0,0,0,3.75e-05,0,0,0,0,0,0,0,0.003475,0,0,0,0.00015,0,0,0,0,0,0,0,0,0,0,0,1.25e-05,0,0,0,0,0,0,0,0,0,0,0,0,0,0,0,7.5e-05,0,0,0,0,0,0,0,0,0,0,0,0,0,0,0,0,0,0,0,0,0,0,0
0.0001625,0.011575,0,2.5e-05,0,7.5e-05,0,0,0.010238,0.93553,6.25e-05,0.0071125,0.00025,0.021275,0,0.0004125,0,3.75e-05,0,0,0,0,0,0,7.5e-05,0.0048875,0,1.25e-05,0,0.00015,0,0,1.25e-05,1.25e-05,0,1.25e-05,0,0,0,0,1.25e-05,0.004075,0,5e-05,0,0.000125,0,0,0,0,0,0,0,0,0,0,0,0.0001,0,0,0,0,0,0,0,3.75e-05,0,0,0,0,0,0,5e-05,0.0033875,0,1.25e-05,0,0.00015,0,0,0,0,0,0,0,0,0,0,0,1.25e-05,0,0,0,0,0,0,0,0,0,0,0,0,0,0,0,7.5e-05,0,0,0,0,0,0,0,0,0,0,0,0,0,0,0,0,0,0,0,0,0,0
0.00015,0,0.011312,0.0001375,0,0,0.00015,0,0.012488,0.0001,0.91786,0.011375,0.000275,0,0.032488,0.00045,0,0,3.75e-05,0,0,0,0,0,5e-05,0,0.004725,8.75e-05,0,0,0.0001875,0,0,0,3.75e-05,0,0,0,0,0,5e-05,0,0.0039875,5e-05,0,0,0.00015,0,0,0,0,0,0,0,0,0,0,0,0.0001,0,0,0,0,0,0,0,3.75e-05,0,0,0,0,0,6.25e-05,0,0.003325,3.75e-05,0,0,0.0002,0,0,0,0,0,0,0,0,0,0,0,1.25e-05,0,0,0,0,0,0,0,0,0,0,0,0,0,0,0,7.5e-05,0,0,0,0,0,0,0,0,0,0,0,0,0,0,0,0,0,0,0,0,0
0,0.00015,0.0001375,0.0113,0,0,0,0.00015,0.0001125,0.012075,0.0095,0.9177,0,0.0003125,0.000375,0.0348,0,0,0,3.75e-05,0,0,0,0,0,5e-05,7.5e-05,0.004875,0,0,0,0.0002,0,0,1.25e-05,2.5e-05,0,0,0,0,0,5e-05,1.25e-05,0.004075,0,0,0,0.0001625,0,0,0,0,0,0,0,0,0,0,0,0.0001,0,0,0,0,0,0,0,3.75e-05,0,0,0,0,0,6.25e-05,5e-05,0.0032625,0,0,0,0.0002125,0,0,0,0,0,0,0,0,0,0,0,1.25e-05,0,0,0,0,0,0,0,0,0,0,0,0,0,0,0,7.5e-05,0,0,0,0,0,0,0,0,0,0,0,0,0,0,0,0,0,0,0,0
0.00015,0,0,0,0.011163,3.75e-05,0.0001125,0,0.0093625,3.75e-05,0.0001,0,0.94378,0.004,0.0174,0.0001375,0,0,0,0,3.75e-05,0,0,0,3.75e-05,0,0,0,0.00545,2.5e-05,6.25e-05,0,0,0,0,0,3.75e-05,0,0,0,3.75e-05,0,0,0,0.0041375,0,6.25e-05,0,0,0,0,0,0,0,0,0,0,0,0,0,8.75e-05,0,0,0,0,0,0,0,3.75e-05,0,0,0,1.25e-05,0,0,0,0.0036,0,1.25e-05,0,0,0,0,0,0,0,0,0,0,0,0,0,1.25e-05,0,0,0,0,0,0,0,0,0,0,0,0,0,0,0,7.5e-05,0,0,0,0,0,0,0,0,0,0,0,0,0,0,0,0,0,0,0
0,0.00015,0,0,0.00015,0.010975,1.25e-05,0.0001625,0.00015,0.00915,0,0.000175,0.010075,0.92678,0.0002375,0.0281,0,0,0,0,0,2.5e-05,0,1.25e-05,0,3.75e-05,0,0,7.5e-05,0.0054625,0,0.000125,0,0,0,0,1.25e-05,1.25e-05,0,1.25e-05,0,3.75e-05,0,0,1.25e-05,0.004125,0,0.000125,0,0,0,0,0,0,0,0,0,0,0,0,0,8.75e-05,0,0,0,0,0,0,0,3.75e-05,0,0,0,1.25e-05,0,0,5e-05,0.0035,0,3.75e-05,0,0,0,0,0,0,0,0,0,0,0,0,0,1.25e-05,0,0,0,0,0,0,0,0,0,0,0,0,0,0,0,7.5e-05,0,0,0,0,0,0,0,0,0,0,0,0,0,0,0,0,0,0
0,0,0.00015,0,0.0001375,0,0.0109,0.000175,0.0001625,0,0.008725,0.0001375,0.011662,7.5e-05,0.94046,0.01355,0,0,0,0,0,0,3.75e-05,0,0,0,3.75e-05,0,5e-05,0,0.0055,8.75e-05,0,0,0,0,0,0,3.75e-05,0,0,0,3.75e-05,0,3.75e-05,0,0.0041625,5e-05,0,0,0,0,0,0,0,0,0,0,0,0,0,0,8.75e-05,0,0,0,0,0,0,0,2.5e-05,0,0,0,1.25e-05,0,6.25e-05,0,0.0035125,3.75e-05,0,0,0,0,0,0,0,0,0,0,0,0,0,0,1.25e-05,0,0,0,0,0,0,0,0,0,0,0,0,0,0,0,7.5e-05,0,0,0,0,0,0,0,0,0,0,0,0,0,0,0,0,0
0,0,0,0.00015,0,0.0001375,0.0001375,0.010925,1.25e-05,0.00015,0.000125,0.0087125,0.0001,0.011262,0.0096875,0.94458,0,0,0,0,0,0,0,3.75e-05,0,0,0,3.75e-05,0,5e-05,7.5e-05,0.00565,0,0,0,0,0,0,1.25e-05,2.5e-05,0,0,0,3.75e-05,0,3.75e-05,1.25e-05,0.0042625,0,0,0,0,0,0,0,0,0,0,0,0,0,0,0,8.75e-05,0,0,0,0,0,0,0,2.5e-05,0,0,0,1.25e-05,0,6.25e-05,5e-05,0.0034625,0,0,0,0,0,0,0,0,0,0,0,0,0,0,0,1.25e-05,0,0,0,0,0,0,0,0,0,0,0,0,0,0,0,7.5e-05,0,0,0,0,0,0,0,0,0,0,0,0,0,0,0,0
0.016037,3.75e-05,0,0,6.25e-05,0,0,0,0.000225,0,0,0,0,0,0,0,0.9327,0.0036375,0.003575,2.5e-05,0.0036625,2.5e-05,0.0001125,0,0.030425,5e-05,7.5e-05,0,0.0002,0,0,0,6.25e-05,0,1.25e-05,0,0,0,0,0,0,0,0,0,0,0,0,0,0.005025,1.25e-05,1.25e-05,0,0,0,0,0,0.00025,0,0,0,0,0,0,0,5e-05,0,0,0,0,0,0,0,0,0,0,0,0,0,0,0,0.00345,0,0,0,0,0,0,0,0.000125,0,0,0,0,0,0,0,0,0,0,0,0,0,0,0,0,0,0,0,0,0,0,0,0.000125,0,0,0,0,0,0,0,2.5e-05,0,0,0,0,0,0,0
0.00015,0.015863,0,5e-05,0,7.5e-05,0,0,0,0.000225,0,0,0,0,0,0,0.010162,0.92227,7.5e-05,0.00625,2.5e-05,0.0039125,0,0.00015,0.0003625,0.03075,0,0.00025,0,0.0002,0,0,0,6.25e-05,0,1.25e-05,0,0,0,0,0,0,0,0,0,0,0,0,3.75e-05,0.0050125,0,5e-05,0,1.25e-05,0,0,0,0.0002625,0,0,0,0,0,0,0,5e-05,0,0,0,0,0,0,0,0,0,0,0,0,0,0,3.75e-05,0.003375,0,1.25e-05,0,1.25e-05,0,0,1.25e-05,0.000125,0,0,0,0,0,0,0,0,0,0,0,0,0,0,0,0,0,0,0,0,0,0,0,0.000125,0,0,0,0,0,0,0,2.5e-05,0,0,0,0,0,0
0.0002375,0,0.015588,0.000125,0,0,0.0001,0,0,0,0.0002375,0,0,0,0,0,0.01215,0.0001,0.90955,0.0111,7.5e-05,0,0.0080875,0.0001125,0.0005375,1.25e-05,0.03195,0.0003375,0,0,0.00035,0,0,0,8.75e-05,0,0,0,0,0,0,0,0,0,0,0,0,0,7.5e-05,0,0.005025,3.75e-05,0,0,6.25e-05,0,0,0,0.0002625,1.25e-05,0,0,0,0,0,0,5e-05,0,0,0,0,0,0,0,0,0,0,0,0,0,2.5e-05,0,0.0033625,1.25e-05,0,0,5e-05,0,1.25e-05,0,0.0001125,1.25e-05,0,0,0,0,0,0,0,0,0,0,0,0,0,0,0,0,0,0,0,0,0,0,0.000125,0,0,0,0,0,1.25e-05,0,1.25e-05,0,0,0,0,0
0,0.0002375,0.0001375,0.015562,0,0,1.25e-05,0.0001,0,0,0,0.0002375,0,0,0,0,8.75e-05,0.0118,0.0095125,0.90982,0,7.5e-05,6.25e-05,0.0089125,2.5e-05,0.0005375,0.00035,0.032725,0,0,0,0.0003875,0,0,0,8.75e-05,0,0,0,0,0,0,0,0,0,0,0,0,0,7.5e-05,3.75e-05,0.0051,0,0,0,5e-05,0,0,0,0.000275,0,0,0,1.25e-05,0,0,0,5e-05,0,0,0,0,0,0,0,0,0,0,0,0,0,2.5e-05,3.75e-05,0.0033,0,0,0,6.25e-05,0,1.25e-05,1.25e-05,0.000125,0,0,0,0,0,0,0,0,0,0,0,0,0,0,0,0,0,0,0,0,0,0,0,0.000125,0,0,0,0,0,1.25e-05,0,1.25e-05,0,0,0,0
0.0002125,0,0,0,0.015625,3.75e-05,0.000175,0,0,0,0,0,0.000275,0,1.25e-05,0,0.009775,6.25e-05,0.0001,0,0.9028,0.003775,0.014712,0.0001125,0.0004125,0,0,0,0.04165,0.0001,0.000725,0,0,0,0,0,6.25e-05,0,1.25e-05,0,0,0,0,0,0,0,0,0,3.75e-05,0,0,0,0.00505,1.25e-05,0.0001,0,0,0,0,0,0.000325,0,0,0,0,0,0,0,5e-05,0,0,0,0,0,0,0,0,0,0,0,1.25e-05,0,0,0,0.0034375,0,0,0,0,0,0,0,0.000175,0,1.25e-05,0,0,0,0,0,0,0,0,0,0,0,0,0,0,0,0,0,0,0,0,0,0.000125,0,0,0,0,0,0,0,2.5e-05,0,0,0
0,0.0002125,0,0,0.00015,0.01525,0,0.0004125,0,0,0,0,0,0.0002875,0,1.25e-05,0.000125,0.0096,0,0.000175,0.0097625,0.88613,0.0002,0.024362,2.5e-05,0.0003875,0,1.25e-05,0.0004125,0.041712,1.25e-05,0.00125,0,0,0,0,0,6.25e-05,0,1.25e-05,0,0,0,0,0,0,0,0,0,3.75e-05,0,0,3.75e-05,0.0049875,0,0.0002,0,0,0,0,0,0.0003375,0,0,0,0,0,0,0,5e-05,0,0,0,0,0,0,0,0,0,0,0,1.25e-05,0,0,3.75e-05,0.0033625,0,2.5e-05,0,0,0,0,1.25e-05,0.000175,0,1.25e-05,0,0,0,0,0,0,0,0,0,0,0,0,0,0,0,0,0,0,0,0,0,0.000125,0,0,0,0,0,0,0,2.5e-05,0,0
0,0,0.0002,0,0.000225,0,0.015375,0.00015,0,0,0,0,0,0,0.0003125,0,0.0001125,0,0.0091875,0.00015,0.011113,7.5e-05,0.89526,0.012637,3.75e-05,0,0.0003625,0,0.0006125,1.25e-05,0.044,0.0005375,0,0,0,0,0,0,8.75e-05,0,0,0,0,0,0,0,0,0,0,0,3.75e-05,0,6.25e-05,0,0.005225,3.75e-05,0,0,0,0,0,0,0.0003375,1.25e-05,0,0,0,0,0,0,5e-05,0,0,0,0,0,0,0,0,0,0,0,1.25e-05,0,2.5e-05,0,0.0034125,1.25e-05,0,0,0,0,1.25e-05,0,0.00015,1.25e-05,0,0,0,0,0,0,0,0,0,0,0,0,0,0,0,0,0,0,0,0,0,0,0.0001125,0,0,0,0,0,1.25e-05,0,2.5e-05,0
0,0,0,0.0002,0,0.000225,0.00015,0.01535,0,0,0,0,0,0,0,0.000325,0,0.0001125,0.0001125,0.0091875,8.75e-05,0.010712,0.009325,0.898,1.25e-05,2.5e-05,1.25e-05,0.0003625,1.25e-05,0.0006125,0.0004125,0.045062,0,0,0,0,0,0,0,8.75e-05,0,0,0,0,0,0,0,0,0,0,0,3.75e-05,0,6.25e-05,3.75e-05,0.0052875,0,0,0,0,0,0,0,0.0003625,0,0,0,0,0,0,0,5e-05,0,0,0,0,0,0,0,0,0,0,0,1.25e-05,0,2.5e-05,3.75e-05,0.0033625,0,0,0,0,0,1.25e-05,1.25e-05,0.0001625,0,0,0,0,0,0,0,0,0,0,0,0,0,0,0,0,0,0,0,0,0,0,0,0.0001125,0,0,0,0,0,1.25e-05,0,2.5e-05
0.0002375,0,0,0,0,0,0,0,0.015362,3.75e-05,0,0,0.0003875,0,0,0,0.010025,3.75e-05,1.25e-05,0,7.5e-05,0,0,0,0.93353,0.0035875,0.0037125,2.5e-05,0.02265,0.0001375,0.0003375,0,0,0,0,0,0,0,0,0,6.25e-05,0,1.25e-05,0,0,0,0,0,2.5e-05,0,0,0,0,0,0,0,0.005725,1.25e-05,2.5e-05,0,0.0001875,0,0,0,0,0,0,0,0,0,0,0,2.5e-05,0,0,0,1.25e-05,0,0,0,1.25e-05,0,0,0,0,0,0,0,0.0034375,0,0,0,0.0001625,0,0,0,0,0,0,0,0,0,0,0,0,0,0,0,0,0,0,0,1.25e-05,0,0,0,0,0,0,0,0.0001375,0,0,0,0,0,0,0
0,0.0002375,0,0,0,0,0,0,0.00015,0.015112,0,5e-05,0,0.0004625,0,1.25e-05,0.0001625,0.009875,0,2.5e-05,0,7.5e-05,0,0,0.010087,0.92112,7.5e-05,0.0076,0.000275,0.02425,0,0.0004625,0,0,0,0,0,0,0,0,0,6.25e-05,0,1.25e-05,0,0,0,0,0,1.25e-05,0,1.25e-05,0,0,0,0,3.75e-05,0.0057875,0,5e-05,0,0.0002,0,0,0,0,0,0,0,0,0,0,0,2.5e-05,0,0,0,1.25e-05,0,0,0,1.25e-05,0,0,0,0,0,0,5e-05,0.0033625,0,1.25e-05,0,0.0001625,0,0,0,0,0,0,0,0,0,0,0,0,0,0,0,0,0,0,0,1.25e-05,0,0,0,0,0,0,0,0.0001375,0,0,0,0,0,0
0,0,0.0002,0,0,0,1.25e-05,0,0.0002375,0,0.0148,0.000125,0,0,0.000575,0,0.000125,0,0.009675,0.0001375,0,0,0.0001375,0,0.012175,0.0001,0.90319,0.011463,0.0003625,0,0.036138,0.0005125,0,0,0,0,0,0,0,0,0,0,8.75e-05,0,0,0,0,0,0,0,2.5e-05,0,0,0,0,0,8.75e-05,0,0.005675,7.5e-05,0,0,0.000275,0,0,0,0,0,0,0,0,0,0,0,2.5e-05,0,0,0,1.25e-05,0,0,0,1.25e-05,0,0,0,0,0,3.75e-05,0,0.0033375,2.5e-05,0,0,0.0002,1.25e-05,0,0,0,0,0,0,0,0,0,0,0,0,0,0,0,0,0,0,1.25e-05,0,0,0,0,0,1.25e-05,0,0.000125,0,0,0,0,0
0,0,0,0.0002,0,0,0,1.25e-05,0,0.0002375,0.0001375,0.0147,0,0,1.25e-05,0.00065,0,0.000125,0.0001375,0.0096625,0,0,0,0.0001375,0.0001125,0.011763,0.009375,0.9033,0,0.0004,0.0003875,0.038512,0,0,0,0,0,0,0,0,0,0,0,8.75e-05,0,0,0,0,0,0,0,2.5e-05,0,0,0,0,0,8.75e-05,3.75e-05,0.0058375,0,0,0,0.000275,0,0,0,0,0,0,0,0,0,0,0,2.5e-05,0,0,0,1.25e-05,0,0,0,1.25e-05,0,0,0,0,0,3.75e-05,5e-05,0.003275,0,0,0,0.000225,0,0,0,0,0,0,0,0,0,0,0,0,0,0,0,0,0,0,0,1.25e-05,0,0,0,0,0,1.25e-05,0,0.000125,0,0,0,0
0,0,0,0,0.0002375,0,0,0,0.0001875,0,0,0,0.0153,3.75e-05,0.0002375,0,0.0001375,0,0,0,0.0095375,3.75e-05,0.0001125,0,0.009125,5e-05,0.0001,0,0.93263,0.004025,0.017962,0.000125,0,0,0,0,0,0,0,0,0,0,0,0,6.25e-05,0,1.25e-05,0,0,0,0,0,2.5e-05,0,0,0,3.75e-05,0,0,0,0.00605,1.25e-05,0.0001125,0,0,0,0,0,0,0,0,0,0,0,0,0,3.75e-05,0,0,0,0,0,0,0,1.25e-05,0,0,0,1.25e-05,0,0,0,0.0036125,0,2.5e-05,0,0,0,0,0,0,0,0,0,0,0,0,0,0,0,0,0,0,0,0,0,1.25e-05,0,0,0,0,0,0,0,0.0001375,0,0,0
0,0,0,0,0,0.0002375,0,0,0,0.0001875,0,0,0.00015,0.014925,0,0.0004875,0,0.0001375,0,0,0.00015,0.0093625,1.25e-05,0.00015,0.00015,0.008925,0,0.000175,0.0099375,0.91563,0.0002625,0.02885,0,0,0,0,0,0,0,0,0,0,0,0,0,6.25e-05,0,1.25e-05,0,0,0,0,0,1.25e-05,0,1.25e-05,0,3.75e-05,0,0,3.75e-05,0.0060625,0,0.0002,0,0,0,0,0,0,0,0,0,0,0,0,0,3.75e-05,0,0,0,0,0,0,0,1.25e-05,0,0,0,1.25e-05,0,0,5e-05,0.003525,0,5e-05,0,0,0,0,0,0,0,0,0,0,0,0,0,0,0,0,0,0,0,0,0,1.25e-05,0,0,0,0,0,0,0,0.0001375,0,0
0,0,0,0,0,0,0.0002125,0,0,0,0.000175,0,0.0002125,0,0.015175,0.00015,0,0,0.0001375,0,0.0001125,0,0.0093375,0.0001625,0.00015,0,0.00855,0.000125,0.011487,7.5e-05,0.92988,0.013713,0,0,0,0,0,0,0,0,0,0,0,0,0,0,8.75e-05,0,0,0,0,0,0,0,2.5e-05,0,0,0,3.75e-05,0,7.5e-05,0,0.0062,7.5e-05,0,0,0,0,0,0,0,0,0,0,0,0,0,0,3.75e-05,0,0,0,0,0,0,0,1.25e-05,0,0,0,1.25e-05,0,3.75e-05,0,0.0035625,3.75e-05,0,0,0,0,0,0,0,0,0,0,0,0,0,0,0,0,0,0,0,0,0,0,0,0,0,0,0,0,1.25e-05,0,0.0001375,0
0,0,0,0,0,0,0,0.0002125,0,0,0,0.000175,0,0.0002125,0.00015,0.015163,0,0,0,0.0001375,0,0.0001125,0.0001375,0.00935,1.25e-05,0.0001375,0.000125,0.008525,0.0001,0.011088,0.009575,0.93434,0,0,0,0,0,0,0,0,0,0,0,0,0,0,0,8.75e-05,0,0,0,0,0,0,0,2.5e-05,0,0,0,3.75e-05,0,7.5e-05,3.75e-05,0.0063625,0,0,0,0,0,0,0,0,0,0,0,0,0,0,0,3.75e-05,0,0,0,0,0,0,0,1.25e-05,0,0,0,1.25e-05,0,3.75e-05,5e-05,0.003525,0,0,0,0,0,0,0,0,0,0,0,0,0,0,0,0,0,0,0,0,0,0,0,0,0,0,0,0,0,1.25e-05,0,0.0001375
0.012412,5e-05,3.75e-05,1.25e-05,6.25e-05,0,0,0,7.5e-05,0,0,0,1.25e-05,0,0,0,0.000175,0,0,0,0,0,0,0,0,0,0,0,0,0,0,0,0.93915,0.0034625,0.00345,2.5e-05,0.0034,2.5e-05,0.000125,0,0.0037,0,1.25e-05,0,1.25e-05,0,0,0,0.0277,0.0001625,0.000125,0,0.0001,0,0,0,0.0002875,0,0,0,1.25e-05,0,0,0,7.5e-05,0,0,0,0,0,0,0,0,0,0,0,0,0,0,0,0,0,0,0,0,0,0,0,0,0,0,0,0,0,0,0,0.005175,0,2.5e-05,0,0,0,0,0,1.25e-05,0,0,0,0,0,0,0,0.000125,0,0,0,0,0,0,0,0,0,0,0,0,0,0,0
0.000125,0.012287,0,8.75e-05,0,6.25e-05,0,0,0,7.5e-05,0,0,0,1.25e-05,0,0,0,0.0001875,0,0,0,0,0,0,0,0,0,0,0,0,0,0,0.010162,0.92906,5e-05,0.00605,2.5e-05,0.0035875,0,0.00015,3.75e-05,0.0037875,0,1.25e-05,0,1.25e-05,0,0,0.0004,0.027838,1.25e-05,0.0001625,0,0.0001,0,0,1.25e-05,0.0002625,0,0,0,1.25e-05,0,0,1.25e-05,6.25e-05,0,0,0,0,0,0,0,0,0,0,0,0,0,0,0,0,0,0,0,0,0,0,0,0,0,0,0,0,0,0,6.25e-05,0.005075,0,5e-05,0,1.25e-05,0,0,0,1.25e-05,0,0,0,0,0,0,0,0.0001375,0,0,0,0,0,0,0,0,0,0,0,0,0,0
0.0001375,0,0.0121,0.0001875,0,0,0.000125,0,0,0,8.75e-05,0,0,0,1.25e-05,0,0,0,0.000175,1.25e-05,0,0,0,0,0,0,0,0,0,0,0,0,0.012363,0.0001125,0.91804,0.010925,5e-05,0,0.0068875,8.75e-05,5e-05,0,0.003975,5e-05,0,0,3.75e-05,0,0.000475,0,0.027688,0.0003375,0,0,0.0002625,0,0,0,0.0003125,0,0,0,1.25e-05,0,0,0,7.5e-05,0,0,0,0,0,0,0,0,0,0,0,0,0,0,0,0,0,0,0,0,0,0,0,0,0,0,0,0,0,7.5e-05,0,0.0051,5e-05,0,0,5e-05,0,0,0,2.5e-05,0,0,0,0,0,0,0,0.000125,0,0,0,0,0,0,0,0,0,0,0,0,0
0,0.000125,0.000125,0.012125,0,0,0,0.0001625,0,0,0,8.75e-05,0,0,0,1.25e-05,0,0,0,0.0002,0,0,0,0,0,0,0,0,0,0,0,0,0.0001125,0.011987,0.00945,0.91853,0,5e-05,8.75e-05,0.0076375,0,3.75e-05,3.75e-05,0.0042,0,0,0,3.75e-05,0,0.0005,0.0004,0.028037,0,0,0,0.00025,0,0,1.25e-05,0.0002875,0,0,0,1.25e-05,0,0,1.25e-05,6.25e-05,0,0,0,0,0,0,0,0,0,0,0,0,0,0,0,0,0,0,0,0,0,0,0,0,0,0,0,0,0,7.5e-05,6.25e-05,0.00505,0,0,0,6.25e-05,0,0,0,2.5e-05,0,0,0,0,0,0,0,0.00015,0,0,0,0,0,0,0,0,0,0,0,0
0.000125,0,0,0,0.012138,5e-05,0.000175,1.25e-05,0,0,0,0,0.000125,0,0,0,0,0,0,0,0.0002,0,0,0,0,0,0,0,0,0,0,0,0.009975,5e-05,7.5e-05,0,0.91594,0.0036625,0.014488,0.0001125,7.5e-05,0,0,0,0.00665,1.25e-05,6.25e-05,0,0.0003375,0,2.5e-05,0,0.028913,0.0002,0.0005875,0,0,0,0,0,0.00045,0,0,0,0,0,0,0,7.5e-05,0,0,0,0,0,0,0,0,0,0,0,0,0,0,0,0,0,0,0,0,0,0,0,0,0,0,0,3.75e-05,0,0,0,0.0052375,0,3.75e-05,0,0,0,0,0,3.75e-05,0,1.25e-05,0,0,0,0,0,0.000125,0,0,0,0,0,0,0,0,0,0,0
0,0.000125,0,0,0.000125,0.011888,0,0.00035,0,0,0,0,0,0.000125,0,0,0,0,0,0,0,0.0002125,0,0,0,0,0,0,0,0,0,0,0.0001375,0.0097625,0,0.0001625,0.009775,0.89934,0.000175,0.024262,0,8.75e-05,0,0,7.5e-05,0.0067625,0,0.000125,1.25e-05,0.0003125,0,2.5e-05,0.0003875,0.028875,3.75e-05,0.00085,0,0,0,0,1.25e-05,0.0004125,0,1.25e-05,0,0,0,0,1.25e-05,6.25e-05,0,0,0,0,0,0,0,0,0,0,0,0,0,0,0,0,0,0,0,0,0,0,0,0,0,0,0,5e-05,0,0,6.25e-05,0.0051375,0,6.25e-05,0,0,0,0,0,3.75e-05,0,1.25e-05,0,0,0,0,0,0.0001375,0,0,0,0,0,0,0,0,0,0
0,0,0.000125,0,0.000125,0,0.012,0.0002125,0,0,0,0,0,0,0.00015,0,0,0,0,0,0,0,0.0002,1.25e-05,0,0,0,0,0,0,0,0,0.0001625,0,0.0091875,0.000175,0.011262,8.75e-05,0.90912,0.012488,0,0,8.75e-05,0,8.75e-05,0,0.0075625,8.75e-05,0,0,0.0003875,1.25e-05,0.0005125,0,0.0294,0.0004125,0,0,0,0,0,0,0.0005,0,0,0,0,0,0,0,7.5e-05,0,0,0,0,0,0,0,0,0,0,0,0,0,0,0,0,0,0,0,0,0,0,0,0,0,0,0,3.75e-05,0,7.5e-05,0,0.0052125,5e-05,0,0,0,0,0,0,6.25e-05,0,0,0,0,0,0,0,0.000125,0,0,0,0,0,0,0,0,0
0,0,0,0.000125,0,0.0001125,0.000125,0.012087,0,0,0,0,0,0,0,0.00015,0,0,0,0,0,0,0,0.000225,0,0,0,0,0,0,0,0,1.25e-05,0.00015,0.0001125,0.0092125,0.0001,0.010837,0.0093125,0.912,0,0,0,0.0001,0,7.5e-05,6.25e-05,0.0079125,0,0,1.25e-05,0.000375,0,0.0005375,0.0004125,0.029825,0,0,0,0,0,0,1.25e-05,0.000475,0,0,0,0,0,0,1.25e-05,6.25e-05,0,0,0,0,0,0,0,0,0,0,0,0,0,0,0,0,0,0,0,0,0,0,0,0,0,0,0,5e-05,0,7.5e-05,6.25e-05,0.0051625,0,0,0,0,0,0,0,6.25e-05,0,0,0,0,0,0,0,0.00015,0,0,0,0,0,0,0,0
0.00015,0,0,0,0,0,0,0,0.011987,5e-05,1.25e-05,1.25e-05,0.00035,0,1.25e-05,0,0,0,0,0,0,0,0,0,0.0002375,0,0,0,0,0,0,0,0.011275,3.75e-05,1.25e-05,0,7.5e-05,0,0,0,0.90575,0.003375,0.0035375,2.5e-05,0.019537,0.000125,0.000275,0,0.0002625,0,0,0,0,0,0,0,0.036062,0.0001625,0.0002,0,0.000775,1.25e-05,2.5e-05,0,0,0,0,0,0,0,0,0,6.25e-05,0,0,0,0,0,0,0,0,0,0,0,0,0,0,0,1.25e-05,0,0,0,0,0,0,0,3.75e-05,0,0,0,0,0,0,0,0.0052,0,2.5e-05,0,0.0001625,0,0,0,0,0,0,0,0,0,0,0,0.00015,0,0,0,1.25e-05,0,0,0
1.25e-05,0.0001375,0,0,0,0,0,0,0.0001125,0.011825,0,8.75e-05,0,0.000375,0,1.25e-05,0,0,0,0,0,0,0,0,0,0.00025,0,0,0,0,0,0,0.00015,0.011137,0,2.5e-05,0,7.5e-05,0,0,0.009675,0.89361,5e-05,0.0070375,0.000275,0.021125,0,0.0004,1.25e-05,0.00025,0,0,0,0,0,0,0.0004875,0.036075,1.25e-05,0.0003,1.25e-05,0.000775,0,3.75e-05,0,0,0,0,0,0,0,0,1.25e-05,5e-05,0,0,0,0,0,0,0,0,0,0,0,0,0,0,0,1.25e-05,0,0,0,0,0,0,0,3.75e-05,0,0,0,0,0,0,6.25e-05,0.0051125,0,5e-05,0,0.00015,0,0,0,0,0,0,0,0,0,0,0,0.0001625,0,0,0,1.25e-05,0,0
0,0,0.0001375,1.25e-05,0,0,0,0,0.0001375,0,0.011487,0.0001875,0,0,0.0006,0,0,0,0,0,0,0,0,0,0,0,0.0002375,1.25e-05,0,0,0,0,0.0001625,0,0.010837,0.000125,0,0,0.00015,0,0.011825,0.0001,0.87629,0.010988,0.0002875,0,0.031988,0.000425,0,0,0.0002875,0,0,0,0,0,0.000575,0,0.035675,0.0004125,0,0,0.0012875,2.5e-05,0,0,0,0,0,0,0,0,0,0,6.25e-05,0,0,0,0,0,0,0,0,0,0,0,0,0,0,0,1.25e-05,0,0,0,0,0,0,0,3.75e-05,0,0,0,0,0,7.5e-05,0,0.0050875,7.5e-05,0,0,0.0002375,0,0,0,0,0,0,0,0,0,0,0,0.00015,0,0,0,1.25e-05,0
0,0,1.25e-05,0.0001375,0,0,0,0,0,0.000125,0.0001125,0.011525,0,0,0,0.0006375,0,0,0,0,0,0,0,0,0,0,0,0.0002625,0,0,0,0,0,0.00015,0.000125,0.010837,0,0,0,0.00015,0.0001125,0.011388,0.008925,0.87603,0,0.000325,0.0004,0.034287,0,0,1.25e-05,0.000275,0,0,0,0,0,0.0006,0.000475,0.036062,0,0,2.5e-05,0.001275,0,0,0,0,0,0,0,0,0,0,1.25e-05,5e-05,0,0,0,0,0,0,0,0,0,0,0,0,0,0,0,1.25e-05,0,0,0,0,0,0,0,3.75e-05,0,0,0,0,0,7.5e-05,6.25e-05,0.0050625,0,0,0,0.0002375,0,0,0,0,0,0,0,0,0,0,0,0.000175,0,0,0,1.25e-05
0,0,0,0,0.000125,0,0,0,0.000125,0,0,0,0.012,6.25e-05,0.0001875,1.25e-05,0,0,0,0,0,0,0,0,0,0,0,0,0.0002875,0,0,0,0.00015,0,0,0,0.010725,3.75e-05,0.0001125,0,0.0089125,3.75e-05,7.5e-05,0,0.90051,0.0038125,0.016938,0.000125,0,0,0,0,0.00025,0,1.25e-05,0,0.000375,0,2.5e-05,0,0.038262,0.0002125,0.0008,0,0,0,0,0,0,0,0,0,0,0,0,0,6.25e-05,0,0,0,0,0,0,0,0,0,0,0,0,0,0,0,1.25e-05,0,0,0,0,0,0,0,3.75e-05,0,0,0,3.75e-05,0,0,0,0.0054375,0,6.25e-05,0,0,0,0,0,0,0,0,0,0,0,0,0,0.000175,0,0,0
0,0,0,0,1.25e-05,0.0001125,0,0,0,0.000125,0,0,0.0001125,0.01175,0,0.0003875,0,0,0,0,0,0,0,0,0,0,0,0,0,0.0003,0,0,0,0.00015,0,0,0.0001375,0.01055,1.25e-05,0.0001625,0.0001375,0.008725,0,0.00015,0.009525,0.88394,0.000225,0.02725,0,0,0,0,1.25e-05,0.000225,0,2.5e-05,1.25e-05,0.00035,0,2.5e-05,0.0004875,0.038,3.75e-05,0.0012375,0,0,0,0,0,0,0,0,0,0,0,0,1.25e-05,5e-05,0,0,0,0,0,0,0,0,0,0,0,0,0,0,0,1.25e-05,0,0,0,0,0,0,0,3.75e-05,0,0,0,3.75e-05,0,0,6.25e-05,0.0053375,0,8.75e-05,0,0,0,0,0,0,0,0,0,0,0,0,0,0.0001875,0,0
0,0,0,0,0,0,0.0001125,1.25e-05,0,0,0.000125,0,0.000125,0,0.0119,0.000225,0,0,0,0,0,0,0,0,0,0,0,0,0,0,0.0002875,1.25e-05,0,0,0.00015,0,0.00015,0,0.010438,0.0001625,0.00015,0,0.0082125,0.00015,0.010988,7.5e-05,0.8971,0.013012,0,0,0,0,0,0,0.0002875,0,1.25e-05,0,0.0004125,1.25e-05,0.0006,0,0.038875,0.0005125,0,0,0,0,0,0,0,0,0,0,0,0,0,0,6.25e-05,0,0,0,0,0,0,0,0,0,0,0,0,0,0,0,1.25e-05,0,0,0,0,0,0,0,2.5e-05,0,0,0,3.75e-05,0,7.5e-05,0,0.0054375,7.5e-05,0,0,0,0,0,0,0,0,0,0,0,0,0,0,0.000175,0
0,0,0,0,0,0,1.25e-05,0.0001125,0,0,0,0.000125,0,0.0001125,0.0001125,0.012013,0,0,0,0,0,0,0,0,0,0,0,0,0,0,0,0.0003125,0,0,0,0.00015,0,0.0001375,0.000125,0.010475,1.25e-05,0.0001375,0.0001125,0.0082375,0.0001,0.010563,0.009125,0.90095,0,0,0,0,0,0,1.25e-05,0.000275,0,1.25e-05,1.25e-05,0.0004,0,0.000625,0.0005125,0.039337,0,0,0,0,0,0,0,0,0,0,0,0,0,0,1.25e-05,5e-05,0,0,0,0,0,0,0,0,0,0,0,0,0,0,0,1.25e-05,0,0,0,0,0,0,0,2.5e-05,0,0,0,3.75e-05,0,7.5e-05,6.25e-05,0.0054125,0,0,0,0,0,0,0,0,0,0,0,0,0,0,0,0.0002
0.0002,0,0,0,0,0,0,0,0,0,0,0,0,0,0,0,0.01155,5e-05,3.75e-05,1.25e-05,6.25e-05,0,0,0,0.000375,0,0,0,1.25e-05,0,0,0,0.01355,3.75e-05,0,0,2.5e-05,0,0,0,0.0001625,0,0,0,0,0,0,0,0.92191,0.0036125,0.0035625,1.25e-05,0.00385,1.25e-05,0.0001125,0,0.0345,5e-05,7.5e-05,0,0.0002125,1.25e-05,1.25e-05,0,0,0,0,0,0,0,0,0,0,0,0,0,0,0,0,0,7.5e-05,0,0,0,0,0,0,0,1.25e-05,0,0,0,0,0,0,0,7.5e-05,0,0,0,0,0,0,0,0,0,0,0,0,0,0,0,0.0055625,0,2.5e-05,0,0,0,0,0,0.0002375,0,0,0,0,0,0,0
0,0.0002,0,0,0,0,0,0,0,0,0,0,0,0,0,0,0.0001125,0.0114,0,0.0001125,0,6.25e-05,0,0,1.25e-05,0.0003875,0,0,0,1.25e-05,0,0,0.0001375,0.0134,0,3.75e-05,0,2.5e-05,0,0,0,0.0001625,0,0,0,0,0,0,0.0099875,0.91148,7.5e-05,0.006375,3.75e-05,0.00415,0,0.00015,0.0004125,0.03475,0,0.000275,0,0.000225,0,1.25e-05,0,0,0,0,0,0,0,0,0,0,0,0,0,0,0,0,0,7.5e-05,0,0,0,0,0,0,1.25e-05,0,0,0,0,0,0,0,0,7.5e-05,0,0,0,0,0,0,0,0,0,0,0,0,0,0,8.75e-05,0.00545,0,5e-05,0,1.25e-05,0,0,0,0.00025,0,0,0,0,0,0
1.25e-05,0,0.0001875,0,0,0,0,0,0,0,0,0,0,0,0,0,0.000125,0,0.011237,0.0002,0,0,0.0001375,0,0,0,0.0003875,0,0,0,1.25e-05,0,0.0002,0,0.013163,0.0001125,0,0,6.25e-05,0,0,0,0.000175,0,0,0,0,0,0.01205,0.0001,0.8985,0.011038,7.5e-05,0,0.0086,0.0001125,0.0005875,1.25e-05,0.036013,0.0003625,0,0,0.0004375,1.25e-05,0,0,0,0,0,0,0,0,0,0,0,0,0,0,0,0,0,0,7.5e-05,0,0,0,0,0,0,0,1.25e-05,0,0,0,0,0,0,0,7.5e-05,0,0,0,0,0,0,0,0,0,0,0,0,0,3.75e-05,0,0.0055,3.75e-05,0,0,5e-05,0,2.5e-05,0,0.0002625,1.25e-05,0,0,0,0
0,1.25e-05,0,0.0001875,0,0,0,0,0,0,0,0,0,0,0,0,0,0.0001125,0.0001125,0.011288,0,0,0,0.0001625,0,0,1.25e-05,0.0003875,0,0,0,2.5e-05,0,0.0002,0.000125,0.013137,0,0,1.25e-05,5e-05,0,0,0,0.000175,0,0,0,0,8.75e-05,0.011687,0.0093125,0.89896,0,7.5e-05,8.75e-05,0.009425,2.5e-05,0.0005875,0.0004,0.036762,0,0,0,0.0004875,0,0,0,0,0,0,0,0,0,0,0,0,0,0,0,0,0,0,0,7.5e-05,0,0,0,0,0,0,1.25e-05,0,0,0,0,0,0,0,0,7.5e-05,0,0,0,0,0,0,0,0,0,0,0,0,0,3.75e-05,8.75e-05,0.0054375,0,0,0,6.25e-05,0,2.5e-05,0,0.0002875,0,0,0,0
0,0,0,0,0.0001875,0,0,0,0,0,0,0,1.25e-05,0,0,0,0.0001125,0,0,0,0.011262,5e-05,0.000175,1.25e-05,1.25e-05,0,0,0,0.0004625,0,0,0,0.0001875,0,0,0,0.013125,3.75e-05,0.0001625,0,0,0,0,0,0.00025,0,0,0,0.0096125,6.25e-05,0.0001,0,0.89163,0.0038,0.0149,0.0001,0.00045,0,0,0,0.04615,0.0001125,0.00085,0,0,0,0,0,0,0,0,0,0,0,0,0,0,0,0,0,0,0,0,0,7.5e-05,0,0,0,0,0,0,0,1.25e-05,0,0,0,0,0,0,0,6.25e-05,0,0,0,0,0,0,0,0,0,0,0,6.25e-05,0,0,0,0.0056,0,5e-05,0,0,0,0,0,0.0003125,0,1.25e-05,0
0,0,0,0,0,0.0001875,0,0,0,0,0,0,0,1.25e-05,0,0,0,0.0001125,0,0,0.000125,0.010988,0,0.0003625,0,1.25e-05,0,0,0,0.0004875,0,0,0,0.0001875,0,0,0.0001375,0.0128,0,0.00035,0,0,0,0,0,0.0002625,0,0,0.000125,0.00945,0,0.0001625,0.0095625,0.87518,0.000225,0.024575,2.5e-05,0.0004,0,2.5e-05,0.000475,0.0461,1.25e-05,0.00145,0,0,0,0,0,0,0,0,0,0,0,0,0,0,0,0,0,0,0,0,0,7.5e-05,0,0,0,0,0,0,1.25e-05,0,0,0,0,0,0,0,0,6.25e-05,0,0,0,0,0,0,0,0,0,0,0,7.5e-05,0,0,8.75e-05,0.0054875,0,7.5e-05,0,0,0,0,0,0.000325,0,1.25e-05
0,0,0,0,1.25e-05,0,0.000175,0,0,0,0,0,0,0,1.25e-05,0,0,0,0.0001125,0,0.0001125,0,0.011137,0.000225,0,0,1.25e-05,0,0,0,0.0004875,0,0,0,0.000175,0,0.000175,0,0.012937,0.0001375,0,0,0,0,0,0,0.000275,0,0.0001125,0,0.009,0.000175,0.011025,7.5e-05,0.88445,0.01255,3.75e-05,0,0.0004,0,0.0006625,1.25e-05,0.048675,0.0005625,0,0,0,0,0,0,0,0,0,0,0,0,0,0,0,0,0,0,0,0,0,0,7.5e-05,0,0,0,0,0,0,0,1.25e-05,0,0,0,0,0,0,0,6.25e-05,0,0,0,0,0,0,0,0,0,0,0,6.25e-05,0,3.75e-05,0,0.0056125,3.75e-05,0,0,0,0,2.5e-05,0,0.0003375,1.25e-05
0,0,0,0,0,1.25e-05,0,0.000175,0,0,0,0,0,0,0,1.25e-05,0,0,0,0.0001125,0,0.0001,0.000125,0.011225,0,0,0,1.25e-05,0,0,0,0.0005125,0,0,0,0.000175,0,0.000175,0.0001375,0.0129,0,0,0,0,0,0,0,0.0002875,0,0.0001125,0.0001125,0.009025,8.75e-05,0.010613,0.0091375,0.88736,1.25e-05,2.5e-05,1.25e-05,0.0003875,1.25e-05,0.0006625,0.000475,0.049712,0,0,0,0,0,0,0,0,0,0,0,0,0,0,0,0,0,0,0,0,0,0,0,7.5e-05,0,0,0,0,0,0,1.25e-05,0,0,0,0,0,0,0,0,6.25e-05,0,0,0,0,0,0,0,0,0,0,0,7.5e-05,0,3.75e-05,8.75e-05,0.00555,0,0,0,0,0,2.5e-05,0,0.0003625
1.25e-05,0,0,0,0,0,0,0,0.0001875,0,0,0,0,0,0,0,0.0001125,0,0,0,0,0,0,0,0.011513,5e-05,1.25e-05,1.25e-05,0.0003625,0,1.25e-05,0,0.0002,0,0,0,0,0,0,0,0.012913,3.75e-05,0,0,0.000275,0,0,0,0.009875,3.75e-05,1.25e-05,0,7.5e-05,0,0,0,0.92678,0.003575,0.0037875,1.25e-05,0.023463,0.0001375,0.0003375,0,0,0,0,0,0,0,0,0,0,0,0,0,0,0,0,0,0,0,0,0,0,0,0,0,8.75e-05,0,0,0,0,0,0,0,0,0,0,0,0,0,0,0,6.25e-05,0,0,0,0,0,0,0,2.5e-05,0,0,0,0,0,0,0,0.0057875,0,2.5e-05,0,0.000225,0,0,0
0,1.25e-05,0,0,0,0,0,0,0,0.0001875,0,0,0,0,0,0,1.25e-05,0.0001,0,0,0,0,0,0,0.0001125,0.01135,0,0.0001,0,0.0003875,0,1.25e-05,0,0.0002,0,0,0,0,0,0,0.0001375,0.0127,0,3.75e-05,0,0.000325,0,1.25e-05,0.00015,0.0097375,0,2.5e-05,0,7.5e-05,0,0,0.0099375,0.91449,7.5e-05,0.00775,0.000325,0.025025,0,0.0005,0,0,0,0,0,0,0,0,0,0,0,0,0,0,0,0,0,0,0,0,0,0,0,0,1.25e-05,7.5e-05,0,0,0,0,0,0,0,0,0,0,0,0,0,0,0,6.25e-05,0,0,0,0,0,0,0,2.5e-05,0,0,0,0,0,0,8.75e-05,0.0057,0,5e-05,0,0.0002125,0,0
0,0,1.25e-05,0,0,0,0,0,1.25e-05,0,0.000175,0,0,0,0,0,0,0,0.0001,1.25e-05,0,0,0,0,0.000125,0,0.011025,0.0002,0,0,0.0006125,0,0,0,0.000175,0,0,0,0,0,0.0002,0,0.012438,0.0001125,0,0,0.0004375,0,0.0001375,0,0.0095125,0.000125,0,0,0.00015,0,0.012113,0.0001,0.89646,0.01145,0.000375,0,0.0371,0.000525,0,0,0,0,0,0,0,0,0,0,0,0,0,0,0,0,0,0,0,0,0,0,0,0,0,0,8.75e-05,0,0,0,0,0,0,0,0,0,0,0,0,0,0,0,6.25e-05,0,0,0,0,0,0,0,2.5e-05,0,0,0,0,0,6.25e-05,0,0.0057125,6.25e-05,0,0,0.0002875,1.25e-05
0,0,0,1.25e-05,0,0,0,0,0,1.25e-05,0,0.000175,0,0,0,0,0,0,1.25e-05,0.0001,0,0,0,0,0,0.0001125,0.0001125,0.011088,0,0,0,0.00065,0,0,0,0.000175,0,0,0,0,0,0.0002,0.000125,0.01235,0,0,1.25e-05,0.0004875,0,0.000125,0.000125,0.0095125,0,0,0,0.00015,0.0001125,0.0117,0.0092,0.89682,0,0.0004125,0.00045,0.03945,0,0,0,0,0,0,0,0,0,0,0,0,0,0,0,0,0,0,0,0,0,0,0,0,0,0,1.25e-05,7.5e-05,0,0,0,0,0,0,0,0,0,0,0,0,0,0,0,6.25e-05,0,0,0,0,0,0,0,2.5e-05,0,0,0,0,0,6.25e-05,8.75e-05,0.0056875,0,0,0,0.0003
0,0,0,0,1.25e-05,0,0,0,0,0,0,0,0.0001875,0,0,0,0,0,0,0,0.0001,0,0,0,0.000125,0,0,0,0.011575,6.25e-05,0.0001875,1.25e-05,0,0,0,0,0.0002,0,0,0,0.000175,0,0,0,0.0128,3.75e-05,0.0002,0,0.0001375,0,0,0,0.009375,3.75e-05,0.000125,0,0.009,5e-05,0.0001,0,0.9266,0.0040625,0.0183,0.0001125,0,0,0,0,0,0,0,0,0,0,0,0,0,0,0,0,0,0,0,0,0,0,0,0,0,0,0,0,8.75e-05,0,0,0,0,0,0,0,0,0,0,0,0,0,0,0,5e-05,0,0,0,0,0,0,0,2.5e-05,0,0,0,6.25e-05,0,0,0,0.006125,0,7.5e-05,0
0,0,0,0,0,1.25e-05,0,0,0,0,0,0,0,0.0001875,0,0,0,0,0,0,1.25e-05,8.75e-05,0,0,0,0.000125,0,0,0.0001125,0.011338,0,0.0003875,0,0,0,0,0,0.0002,0,0,0,0.000175,0,0,0.0001375,0.012475,0,0.0004,0,0.0001375,0,0,0.0001375,0.0092125,1.25e-05,0.0001625,0.00015,0.0088,0,0.000175,0.0098125,0.90979,0.0002875,0.029237,0,0,0,0,0,0,0,0,0,0,0,0,0,0,0,0,0,0,0,0,0,0,0,0,0,0,0,0,1.25e-05,7.5e-05,0,0,0,0,0,0,0,0,0,0,0,0,0,0,0,5e-05,0,0,0,0,0,0,0,2.5e-05,0,0,0,6.25e-05,0,0,8.75e-05,0.006025,0,0.0001
0,0,0,0,0,0,1.25e-05,0,0,0,0,0,1.25e-05,0,0.000175,0,0,0,0,0,0,0,8.75e-05,1.25e-05,0,0,0.000125,0,0.0001125,0,0.011487,0.0002375,0,0,0,0,0,0,0.000175,0,0,0,0.0001625,0,0.0001625,0,0.012712,0.0001375,0,0,0.0001375,0,0.000125,0,0.0091875,0.00015,0.00015,0,0.0084,0.00015,0.01145,7.5e-05,0.92439,0.013662,0,0,0,0,0,0,0,0,0,0,0,0,0,0,0,0,0,0,0,0,0,0,0,0,0,0,0,0,0,0,8.75e-05,0,0,0,0,0,0,0,0,0,0,0,0,0,0,0,5e-05,0,0,0,0,0,0,0,1.25e-05,0,0,0,6.25e-05,0,6.25e-05,0,0.0061625,7.5e-05
0,0,0,0,0,0,0,1.25e-05,0,0,0,0,0,1.25e-05,0,0.000175,0,0,0,0,0,0,1.25e-05,8.75e-05,0,0,0,0.000125,0,0.0001,0.0001125,0.011625,0,0,0,0,0,0,0,0.000175,0,0,0,0.0001625,0,0.0001625,0.0001375,0.012688,0,0,0,0.0001375,0,0.0001125,0.000125,0.0092125,1.25e-05,0.0001375,0.000125,0.0084,0.0001,0.01105,0.0094625,0.92902,0,0,0,0,0,0,0,0,0,0,0,0,0,0,0,0,0,0,0,0,0,0,0,0,0,0,0,0,0,0,1.25e-05,7.5e-05,0,0,0,0,0,0,0,0,0,0,0,0,0,0,0,5e-05,0,0,0,0,0,0,0,1.25e-05,0,0,0,6.25e-05,0,6.25e-05,8.75e-05,0.00615
0.011062,2.5e-05,7.5e-05,1.25e-05,7.5e-05,0,0,0,5e-05,0,0,0,1.25e-05,0,0,0,7.5e-05,0,0,0,0,0,0,0,0,0,0,0,0,0,0,0,0.0001125,0,0,0,0,0,0,0,0,0,0,0,0,0,0,0,0,0,0,0,0,0,0,0,0,0,0,0,0,0,0,0,0.9503,0.0035125,0.0034125,2.5e-05,0.003325,3.75e-05,0.0001125,0,0.003575,0,1.25e-05,0,2.5e-05,0,0,0,0.003625,1.25e-05,0,0,1.25e-05,0,0,0,0.0001375,0,0,0,0,0,0,0,0.0198,0.0001,0.0001125,0,8.75e-05,0,0,0,8.75e-05,0,0,0,0,0,0,0,0.000175,0,0,0,1.25e-05,0,0,0,0,0,0,0,0,0,0,0
0.00015,0.010913,0,0.0001125,0,7.5e-05,0,0,0,5e-05,0,0,0,1.25e-05,0,0,0,7.5e-05,0,0,0,0,0,0,0,0,0,0,0,0,0,0,0,0.0001125,0,0,0,0,0,0,0,0,0,0,0,0,0,0,0,0,0,0,0,0,0,0,0,0,0,0,0,0,0,0,0.010438,0.94053,6.25e-05,0.0058625,2.5e-05,0.003475,0,0.0001375,3.75e-05,0.0035875,0,1.25e-05,0,2.5e-05,0,0,1.25e-05,0.003675,0,0,0,1.25e-05,0,0,1.25e-05,0.0001125,0,0,0,0,0,0,0.0001625,0.019762,0,0.0001625,0,0.0001125,0,0,0,8.75e-05,0,0,0,0,0,0,0,0.0001875,0,0,0,1.25e-05,0,0,0,0,0,0,0,0,0,0
0.000125,0,0.010812,0.00015,0,0,0.00015,0,0,0,6.25e-05,0,0,0,1.25e-05,0,0,0,7.5e-05,0,0,0,0,0,0,0,0,0,0,0,0,0,0,0,0.0001125,0,0,0,0,0,0,0,0,0,0,0,0,0,0,0,0,0,0,0,0,0,0,0,0,0,0,0,0,0,0.012563,0.0001125,0.92969,0.010963,6.25e-05,0,0.0066125,8.75e-05,3.75e-05,0,0.0036875,6.25e-05,0,0,5e-05,0,5e-05,0,0.0036375,3.75e-05,0,0,1.25e-05,0,0,0,0.00015,0,0,0,0,0,0.0003125,0,0.019637,0.0003,0,0,0.0001625,0,0,0,8.75e-05,0,0,0,0,0,0,0,0.000175,0,0,0,1.25e-05,0,0,0,0,0,0,0,0,0
0,0.0001,0.0001375,0.01085,0,0,0,0.00015,0,0,0,6.25e-05,0,0,0,1.25e-05,0,0,0,7.5e-05,0,0,0,0,0,0,0,0,0,0,0,0,0,0,0,0.0001125,0,0,0,0,0,0,0,0,0,0,0,0,0,0,0,0,0,0,0,0,0,0,0,0,0,0,0,0,0.0001125,0.012225,0.00975,0.93022,0,6.25e-05,8.75e-05,0.00735,0,2.5e-05,3.75e-05,0.0038375,0,0,0,5e-05,0,5e-05,1.25e-05,0.003725,0,0,0,1.25e-05,0,0,1.25e-05,0.000125,0,0,0,0,0,0.0003375,0.0001625,0.019825,0,0,0,0.000175,0,0,0,0.0001,0,0,0,0,0,0,0,0.0001875,0,0,0,1.25e-05,0,0,0,0,0,0,0,0
0.0001625,0,0,0,0.010825,2.5e-05,0.0002125,1.25e-05,0,0,0,0,7.5e-05,0,0,0,0,0,0,0,7.5e-05,0,0,0,0,0,0,0,0,0,0,0,0,0,0,0,0.0001,0,0,0,0,0,0,0,1.25e-05,0,0,0,0,0,0,0,0,0,0,0,0,0,0,0,0,0,0,0,0.01015,5e-05,0.0001,0,0.92849,0.0037875,0.014625,0.0001125,7.5e-05,0,0,0,0.005825,1.25e-05,7.5e-05,0,3.75e-05,0,0,0,0.003825,1.25e-05,3.75e-05,0,0,0,0,0,0.0001875,0,0,0,0.00015,0,0,0,0.020275,8.75e-05,0.000275,0,0,0,0,0,0.0001375,0,0,0,0,0,0,0,0.0001625,0,1.25e-05,0,0,0,0,0,0,0,0,0
0,0.0001625,0,0,0.0001375,0.010637,0,0.0003,0,0,0,0,0,7.5e-05,0,0,0,0,0,0,0,7.5e-05,0,0,0,0,0,0,0,0,0,0,0,0,0,0,0,0.0001,0,0,0,0,0,0,0,1.25e-05,0,0,0,0,0,0,0,0,0,0,0,0,0,0,0,0,0,0,0.00015,0.009925,0,0.0001875,0.01005,0.91216,0.0001875,0.024338,0,8.75e-05,0,0,7.5e-05,0.005875,0,0.000125,0,3.75e-05,0,0,1.25e-05,0.0038375,0,6.25e-05,0,0,0,0,1.25e-05,0.0001625,0,0,0,0.00015,0,0,0.000175,0.02005,1.25e-05,0.0005,0,0,0,0,0,0.0001375,0,0,0,0,0,0,0,0.0001625,0,2.5e-05,0,0,0,0,0,0,0,0
0,0,0.00015,0,0.000125,0,0.01075,0.0001625,0,0,0,0,0,0,0.000125,0,0,0,0,0,0,0,7.5e-05,0,0,0,0,0,0,0,0,0,0,0,0,0,0,0,0.0001,0,0,0,0,0,0,0,1.25e-05,0,0,0,0,0,0,0,0,0,0,0,0,0,0,0,0,0,0.0001625,0,0.0094625,0.00015,0.0115,8.75e-05,0.92206,0.012637,0,0,8.75e-05,0,7.5e-05,0,0.006525,0.0001375,0,0,3.75e-05,0,3.75e-05,0,0.003925,3.75e-05,0,0,0,0,0,0,0.0002,0,0,0,0.00015,0,0.000325,0,0.0203,0.0002875,0,0,0,0,0,0,0.0001375,0,0,0,0,0,0,0,0.000175,0,0,0,0,0,0,0,0,0
0,0,0,0.00015,0,0.0001,0.000125,0.010812,0,0,0,0,0,0,0,0.000125,0,0,0,0,0,0,0,7.5e-05,0,0,0,0,0,0,0,0,0,0,0,0,0,0,0,0.0001,0,0,0,0,0,0,0,1.25e-05,0,0,0,0,0,0,0,0,0,0,0,0,0,0,0,0,1.25e-05,0.00015,0.000125,0.00945,0.0001,0.011113,0.0096125,0.92511,0,0,0,0.0001,0,6.25e-05,6.25e-05,0.0068375,0,0,0,3.75e-05,0,3.75e-05,1.25e-05,0.004,0,0,0,0,0,0,1.25e-05,0.000175,0,0,0,0.00015,0,0.00035,0.0001875,0.020463,0,0,0,0,0,0,0,0.00015,0,0,0,0,0,0,0,0.0001875,0,0,0,0,0,0,0,0
0.0002,0,0,0,0,0,0,0,0.0107,2.5e-05,8.75e-05,1.25e-05,0.000225,0,0,0,0,0,0,0,0,0,0,0,6.25e-05,0,0,0,1.25e-05,0,0,0,0,0,0,0,0,0,0,0,0.000125,0,0,0,0,0,0,0,0,0,0,0,0,0,0,0,0,0,0,0,0,0,0,0,0.011275,3.75e-05,1.25e-05,0,6.25e-05,0,0,0,0.92207,0.003425,0.0035375,2.5e-05,0.019537,0.0001375,0.000275,0,3.75e-05,0,0,0,0,0,0,0,0.0055625,2.5e-05,0,0,0.0001125,0,0,0,0.0002625,0,0,0,1.25e-05,0,0,0,0.02115,8.75e-05,0.0001,0,0.000525,0,1.25e-05,0,0,0,0,0,0,0,0,0,0.00025,0,0,0,1.25e-05,0,0,0
1.25e-05,0.0001875,0,0,0,0,0,0,0.0001375,0.01055,0,0.0001375,0,0.000225,0,0,0,0,0,0,0,0,0,0,0,6.25e-05,0,0,0,1.25e-05,0,0,0,0,0,0,0,0,0,0,0,0.000125,0,0,0,0,0,0,0,0,0,0,0,0,0,0,0,0,0,0,0,0,0,0,0.00015,0.011125,0,2.5e-05,0,6.25e-05,0,0,0.009975,0.91002,6.25e-05,0.006975,0.00025,0.021087,0,0.0003875,0,3.75e-05,0,0,0,0,0,0,0.0001,0.0056,0,1.25e-05,0,0.000125,0,0,1.25e-05,0.00025,0,1.25e-05,0,1.25e-05,0,0,0.0001625,0.021075,0,0.00015,1.25e-05,0.000575,0,1.25e-05,0,0,0,0,0,0,0,0,0,0.0002625,0,0,0,1.25e-05,0,0
0,0,0.0001875,0,0,0,1.25e-05,0,0.0001125,0,0.010363,0.000125,0,0,0.000425,2.5e-05,0,0,0,0,0,0,0,0,0,0,6.25e-05,0,0,0,1.25e-05,0,0,0,0,0,0,0,0,0,0,0,0.000125,0,0,0,0,0,0,0,0,0,0,0,0,0,0,0,0,0,0,0,0,0,0.00015,0,0.010875,0.0001375,0,0,0.0001375,0,0.0121,0.0001,0.89261,0.011075,0.000275,0,0.032063,0.000425,0,0,3.75e-05,0,0,0,0,0,8.75e-05,0,0.0055125,8.75e-05,0,0,0.0001625,0,0,0,0.0002625,0,0,0,0,0,0.000325,0,0.020663,0.000325,1.25e-05,0,0.0008375,0,0,0,0,0,0,0,0,0,0,0,0.000275,0,0,0,1.25e-05,0
0,0,1.25e-05,0.000175,0,0,0,1.25e-05,0,0.0001,0.000125,0.010375,0,0,0,0.00045,0,0,0,0,0,0,0,0,0,0,0,6.25e-05,0,0,0,1.25e-05,0,0,0,0,0,0,0,0,0,0,0,0.000125,0,0,0,0,0,0,0,0,0,0,0,0,0,0,0,0,0,0,0,0,0,0.0001375,0.000125,0.010875,0,0,0,0.0001375,0.0001125,0.011687,0.00925,0.89235,0,0.0003125,0.000375,0.0343,0,0,0,3.75e-05,0,0,0,0,0,8.75e-05,0.0001,0.0056375,0,0,0,0.000175,0,1.25e-05,1.25e-05,0.00025,0,0,0,0,0,0.0003375,0.00015,0.020875,0,1.25e-05,2.5e-05,0.000875,0,0,0,0,0,0,0,0,0,0,0,0.0002875,0,0,0,1.25e-05
0,0,0,0,0.0002,0,0,0,0.00015,0,0,0,0.0106,2.5e-05,0.0002625,1.25e-05,0,0,0,0,0,0,0,0,0,0,0,0,7.5e-05,0,0,0,0,0,0,0,0,0,0,0,1.25e-05,0,0,0,0.0001125,0,0,0,0,0,0,0,0,0,0,0,0,0,0,0,0,0,0,0,0.00015,0,0,0,0.010712,3.75e-05,0.0001125,0,0.009075,3.75e-05,0.0001125,0,0.91746,0.003925,0.017188,0.000125,0,0,0,0,3.75e-05,0,0,0,5e-05,0,0,0,0.006275,2.5e-05,5e-05,0,0,0,0,0,0.000275,0,0,0,0.00015,0,0,0,0.02205,0.0001,0.00035,0,0,0,0,0,0,0,0,0,0,0,0,0,0.0002375,0,1.25e-05,0
0,0,0,0,1.25e-05,0.0001875,0,0,0,0.00015,0,0,0.000125,0.010438,0,0.0003375,0,0,0,0,0,0,0,0,0,0,0,0,0,7.5e-05,0,0,0,0,0,0,0,0,0,0,0,1.25e-05,0,0,0,0.0001125,0,0,0,0,0,0,0,0,0,0,0,0,0,0,0,0,0,0,0,0.00015,0,0,0.0001375,0.010525,1.25e-05,0.0001625,0.00015,0.0088625,0,0.0001875,0.0098,0.90085,0.0002375,0.0276,0,0,0,0,0,2.5e-05,0,1.25e-05,0,5e-05,0,0,0.0001,0.006275,0,0.0001,0,0,0,0,1.25e-05,0.0002625,0,1.25e-05,0,0.00015,0,0,0.0001875,0.021837,1.25e-05,0.000575,0,0,0,0,0,0,0,0,0,0,0,0,0,0.0002375,0,2.5e-05
0,0,0,0,0,0,0.0002,0,0,0,0.0001375,0,0.0001125,0,0.010637,0.0001625,0,0,0,0,0,0,0,0,0,0,0,0,0,0,7.5e-05,0,0,0,0,0,0,0,0,0,0,0,1.25e-05,0,0,0,0.0001125,0,0,0,0,0,0,0,0,0,0,0,0,0,0,0,0,0,0,0,0.00015,0,0.0001375,0,0.01045,0.000175,0.0001625,0,0.008475,0.000125,0.01125,7.5e-05,0.91425,0.013237,0,0,0,0,0,0,3.75e-05,0,0,0,5e-05,0,8.75e-05,0,0.0063625,8.75e-05,0,0,0,0,0,0,0.0002625,0,0,0,0.00015,0,0.00035,0,0.022062,0.0003375,0,0,0,0,0,0,0,0,0,0,0,0,0,0,0.000275,0
0,0,0,0,0,0,1.25e-05,0.0001875,0,0,0,0.0001375,0,0.0001,0.0001125,0.0107,0,0,0,0,0,0,0,0,0,0,0,0,0,0,0,7.5e-05,0,0,0,0,0,0,0,0,0,0,0,1.25e-05,0,0,0,0.0001125,0,0,0,0,0,0,0,0,0,0,0,0,0,0,0,0,0,0,0,0.00015,0,0.000125,0.000125,0.010488,1.25e-05,0.00015,0.000125,0.00845,0.0001,0.01085,0.009425,0.91821,0,0,0,0,0,0,0,3.75e-05,0,0,0,5e-05,0,8.75e-05,0.0001,0.0064875,0,0,0,0,0,1.25e-05,1.25e-05,0.00025,0,0,0,0.00015,0,0.0003625,0.0002,0.0223,0,0,0,0,0,0,0,0,0,0,0,0,0,0,0,0.0002875
0.0001375,0,0,0,0,0,0,0,0,0,0,0,0,0,0,0,0.010563,2.5e-05,7.5e-05,0,7.5e-05,0,0,0,0.0003875,0,0,0,1.25e-05,0,0,0,0,0,0,0,0,0,0,0,0,0,0,0,0,0,0,0,0.000175,0,0,0,0,0,0,0,0,0,0,0,0,0,0,0,0.015525,3.75e-05,0,0,5e-05,0,0,0,0.000225,0,0,0,0,0,0,0,0.90244,0.0034375,0.0033625,2.5e-05,0.003475,3.75e-05,0.0001125,0,0.030562,5e-05,7.5e-05,0,0.0001875,0,0,0,0.0003875,0,1.25e-05,0,0,0,0,0,1.25e-05,0,0,0,0,0,0,0,0.027075,0.00015,0.00015,0,0.0001625,0,0,0,0.001,0,0,0,0,0,0,0
0,0.0001375,0,0,0,0,0,0,0,0,0,0,0,0,0,0,0.00015,0.010412,0,0.0001,0,7.5e-05,0,0,0,0.0003875,0,0,0,1.25e-05,0,0,0,0,0,0,0,0,0,0,0,0,0,0,0,0,0,0,0,0.000175,0,0,0,0,0,0,0,0,0,0,0,0,0,0,0.00015,0.015338,0,5e-05,0,6.25e-05,0,0,0,0.000225,0,0,0,0,0,0,0.0098375,0.892,7.5e-05,0.0060375,2.5e-05,0.00375,0,0.00015,0.0003875,0.030875,0,0.0002625,0,0.0001875,0,0,0,0.0004,0,1.25e-05,0,0,0,0,0,1.25e-05,0,0,0,0,0,0,0.0002375,0.02705,0,0.0002375,0,0.0001875,0,0,1.25e-05,0.0009875,0,0,0,0,0,0
0,0,0.000125,1.25e-05,0,0,0,0,0,0,0,0,0,0,0,0,0.000125,0,0.010287,0.0001375,0,0,0.00015,0,0,0,0.000425,0,0,0,1.25e-05,0,0,0,0,0,0,0,0,0,0,0,0,0,0,0,0,0,0,0,0.000175,0,0,0,0,0,0,0,0,0,0,0,0,0,0.0002375,0,0.015088,0.0001,0,0,0.0001125,0,0,0,0.0002375,0,0,0,0,0,0.01165,0.0001,0.87966,0.010738,8.75e-05,0,0.007825,0.0001125,0.00055,1.25e-05,0.03195,0.000325,0,0,0.0003875,0,0,0,0.0004,0,0,0,0,0,0,0,1.25e-05,0,0,0,0,0,0.00045,0,0.026687,0.0003625,0,0,0.0003,0,1.25e-05,0,0.001125,2.5e-05,0,0,0,0
0,0,0,0.0001375,0,0,0,0,0,0,0,0,0,0,0,0,0,0.0001,0.0001375,0.010313,0,0,0,0.00015,0,0,0,0.000425,0,0,0,1.25e-05,0,0,0,0,0,0,0,0,0,0,0,0,0,0,0,0,0,0,0,0.000175,0,0,0,0,0,0,0,0,0,0,0,0,0,0.0002375,0.0001375,0.015025,0,0,1.25e-05,0.0001125,0,0,0,0.0002375,0,0,0,0,8.75e-05,0.0113,0.0091875,0.87976,0,8.75e-05,7.5e-05,0.00865,2.5e-05,0.00055,0.000375,0.0327,0,0,0,0.000425,0,0,0,0.0004125,0,0,0,0,0,0,0,1.25e-05,0,0,0,0,0,0.000475,0.0002375,0.02695,0,0,0,0.0003,0,1.25e-05,1.25e-05,0.0011375,0,0,0,1.25e-05
0,0,0,0,0.0001125,0,2.5e-05,0,0,0,0,0,0,0,0,0,0.00015,0,0,0,0.010313,1.25e-05,0.000175,0,1.25e-05,0,0,0,0.00045,1.25e-05,1.25e-05,0,0,0,0,0,0,0,0,0,0,0,0,0,0,0,0,0,0,0,0,0,0.0001625,0,0,0,0,0,0,0,1.25e-05,0,0,0,0.0002125,0,0,0,0.015112,3.75e-05,0.00015,0,0,0,0,0,0.0002875,0,1.25e-05,0,0.00945,6.25e-05,0.0001,0,0.87225,0.0036875,0.014438,0.0001125,0.0004125,0,0,0,0.04155,8.75e-05,0.0007625,0,0,0,0,0,0.0003875,0,1.25e-05,0,0,0,0,0,1.25e-05,0,0,0,0.0002125,0,0,0,0.027213,0.0001375,0.0004625,0,1.25e-05,0,0,0,0.0013625,0,1.25e-05,0
0,0,0,0,0,0.0001125,0,2.5e-05,0,0,0,0,0,0,0,0,0,0.00015,0,0,0.0001375,0.010112,0,0.00025,0,1.25e-05,0,0,0,0.0004625,0,1.25e-05,0,0,0,0,0,0,0,0,0,0,0,0,0,0,0,0,0,0,0,0,0,0.0001625,0,0,0,0,0,0,0,1.25e-05,0,0,0,0.0002125,0,0,0.00015,0.014738,0,0.000375,0,0,0,0,0,0.0003,0,1.25e-05,0.000125,0.0093,0,0.000175,0.0094375,0.85593,0.0002,0.023813,2.5e-05,0.000375,0,1.25e-05,0.000425,0.04165,1.25e-05,0.001275,0,0,0,0,0,0.0003875,0,2.5e-05,0,0,0,0,0,1.25e-05,0,0,0,0.0002,0,0,0.0002375,0.027025,1.25e-05,0.0007375,0,1.25e-05,0,0,2.5e-05,0.0013125,0,2.5e-05
0,0,0,0,0,0,0.000125,1.25e-05,0,0,0,0,0,0,0,0,0,0,0.0001375,0,0.000125,0,0.0102,0.0001375,0,0,1.25e-05,0,0,0,0.0005125,1.25e-05,0,0,0,0,0,0,0,0,0,0,0,0,0,0,0,0,0,0,0,0,0,0,0.0001625,0,0,0,0,0,0,0,1.25e-05,0,0,0,0.0002,0,0.000225,0,0.014875,0.000125,0,0,0,0,0,0,0.000325,0,0.0001125,0,0.0088875,0.0001375,0.0106,7.5e-05,0.86513,0.0123,3.75e-05,0,0.0003625,0,0.000625,1.25e-05,0.043775,0.0005375,0,0,0,0,0,0,0.0004,0,0,0,0,0,0,0,1.25e-05,0,0,0,0.0002125,0,0.0004625,0,0.027225,0.00035,0,0,1.25e-05,0,1.25e-05,0,0.0015,2.5e-05
0,0,0,0,0,0,0,0.0001375,0,0,0,0,0,0,0,0,0,0,0,0.0001375,0,0.0001,0.000125,0.010238,0,0,0,1.25e-05,0,0,0,0.000525,0,0,0,0,0,0,0,0,0,0,0,0,0,0,0,0,0,0,0,0,0,0,0,0.0001625,0,0,0,0,0,0,0,1.25e-05,0,0,0,0.0002,0,0.000225,0.00015,0.014812,0,0,0,0,0,0,0,0.0003375,0,0.0001125,0.0001125,0.0089,8.75e-05,0.0102,0.0090125,0.86767,1.25e-05,2.5e-05,1.25e-05,0.00035,1.25e-05,0.000625,0.000425,0.044862,0,0,0,0,0,0,0,0.0004125,0,0,0,0,0,0,0,1.25e-05,0,0,0,0.0002,0,0.0004875,0.00025,0.027488,0,0,0,1.25e-05,0,1.25e-05,2.5e-05,0.0015
0,0,0,0,0,0,0,0,0.0001375,0,0,0,0,0,0,0,0.0001875,0,0,0,0,0,0,0,0.01055,2.5e-05,8.75e-05,0,0.000225,0,0,0,0,0,0,0,0,0,0,0,0,0,0,0,0,0,0,0,0,0,0,0,0,0,0,0,0.0001875,0,0,0,0,0,0,0,0.0002375,0,0,0,0,0,0,0,0.0148,3.75e-05,0,0,0.0004,0,0,0,0.0095625,3.75e-05,1.25e-05,0,6.25e-05,0,0,0,0.90246,0.0034125,0.003575,2.5e-05,0.022312,0.0001375,0.0003,0,0,0,0,0,0,0,0,0,0.000425,0,1.25e-05,0,0,0,0,0,0.0002625,0,0,0,1.25e-05,0,0,0,0.029375,0.0001375,0.000125,0,0.0008625,0,1.25e-05,0
0,0,0,0,0,0,0,0,0,0.0001375,0,0,0,0,0,0,1.25e-05,0.000175,0,0,0,0,0,0,0.0001375,0.0104,0,0.000125,0,0.000225,0,0,0,0,0,0,0,0,0,0,0,0,0,0,0,0,0,0,0,0,0,0,0,0,0,0,0,0.0001875,0,0,0,0,0,0,0,0.0002375,0,0,0,0,0,0,0.00015,0.014563,0,5e-05,0,0.00045,0,1.25e-05,0.00015,0.0094125,0,2.5e-05,0,6.25e-05,0,0,0.009775,0.8902,7.5e-05,0.007425,0.000275,0.023875,0,0.000425,0,0,0,0,0,0,0,0,0,0.0004375,0,1.25e-05,0,0,0,0,0,0.0002625,0,1.25e-05,0,1.25e-05,0,0,0.0002625,0.029288,0,0.0002125,1.25e-05,0.0009125,0,1.25e-05
0,0,0,0,0,0,0,0,0,0,0.000125,1.25e-05,0,0,0,0,0,0,0.000175,0,0,0,1.25e-05,0,0.0001125,0,0.010212,0.0001125,0,0,0.000425,2.5e-05,0,0,0,0,0,0,0,0,0,0,0,0,0,0,0,0,0,0,0,0,0,0,0,0,0,0,0.0001875,0,0,0,0,0,0,0,0.0002,0,0,0,1.25e-05,0,0.0002375,0,0.01425,0.0001,0,0,0.0006125,0,0.000125,0,0.009225,0.0001375,0,0,0.000125,0,0.011687,0.0001,0.87279,0.0111,0.0003625,0,0.0354,0.0005,0,0,0,0,0,0,0,0,0,0,0.0004375,0,0,0,0,0,0,0,0.0002625,0,0,0,0,0,0.0004875,0,0.028737,0.000425,1.25e-05,0,0.001275,0
0,0,0,0,0,0,0,0,0,0,0,0.0001375,0,0,0,0,0,0,1.25e-05,0.0001625,0,0,0,1.25e-05,0,0.0001,0.000125,0.010212,0,0,0,0.00045,0,0,0,0,0,0,0,0,0,0,0,0,0,0,0,0,0,0,0,0,0,0,0,0,0,0,0,0.0001875,0,0,0,0,0,0,0,0.0002,0,0,0,1.25e-05,0,0.0002375,0.0001375,0.014138,0,0,1.25e-05,0.0006625,0,0.0001125,0.000125,0.009225,0,0,0,0.000125,0.0001125,0.011275,0.009075,0.87277,0,0.0004,0.0003875,0.037738,0,0,0,0,0,0,0,0,0,0,0,0.00045,0,0,0,0,0,1.25e-05,0,0.0002625,0,0,0,0,0,0.0005,0.00025,0.029038,0,1.25e-05,2.5e-05,0.0013
0,0,0,0,0,0,0,0,0,0,0,0,0.0001,0,3.75e-05,0,0,0,0,0,0.0001875,0,0,0,0.00015,0,0,0,0.010488,2.5e-05,0.000225,0,0,0,0,0,0,0,0,0,0,0,0,0,0,0,0,0,0,0,0,0,0,0,0,0,1.25e-05,0,0,0,0.000175,0,0,0,0,0,0,0,0.0002375,0,0,0,0.0001875,0,0,0,0.014788,3.75e-05,0.0002,0,0.0001375,0,0,0,0.009075,3.75e-05,0.0001125,0,0.008775,5e-05,0.0001125,0,0.90106,0.0039125,0.017612,0.000125,0,0,0,0,0,0,0,0,0,0,0,0,0.000425,0,1.25e-05,0,0,0,0,0,0.000275,0,0,0,0.000225,0,0,0,0.030462,0.00015,0.0005875,0
0,0,0,0,0,0,0,0,0,0,0,0,0,0.0001,0,3.75e-05,0,0,0,0,1.25e-05,0.000175,0,0,0,0.00015,0,0,0.000125,0.010325,0,0.0002875,0,0,0,0,0,0,0,0,0,0,0,0,0,0,0,0,0,0,0,0,0,0,0,0,0,1.25e-05,0,0,0,0.000175,0,0,0,0,0,0,0,0.0002375,0,0,0,0.0001875,0,0,0.00015,0.014412,0,0.0004375,0,0.0001375,0,0,0.0001375,0.0089,1.25e-05,0.00015,0.00015,0.0085875,0,0.0001875,0.0096125,0.8845,0.0002625,0.028188,0,0,0,0,0,0,0,0,0,0,0,0,0,0.000425,0,2.5e-05,0,0,0,0,0,0.000275,0,1.25e-05,0,0.0002125,0,0,0.0002875,0.030225,1.25e-05,0.000875
0,0,0,0,0,0,0,0,0,0,0,0,0,0,0.000125,1.25e-05,0,0,0,0,0,0,0.0001875,0,0,0,0.0001375,0,0.0001125,0,0.010488,0.00015,0,0,0,0,0,0,0,0,0,0,0,0,0,0,0,0,0,0,0,0,0,0,0,0,0,0,1.25e-05,0,0,0,0.000175,0,0,0,0,0,0,0,0.0002125,0,0,0,0.000175,0,0.0002125,0,0.014663,0.000125,0,0,0.0001375,0,0.0001125,0,0.0088875,0.0001625,0.00015,0,0.0082375,0.0001125,0.010975,7.5e-05,0.8985,0.01335,0,0,0,0,0,0,0,0,0,0,0,0,0,0,0.0004375,0,0,0,0,0,0,0,0.00025,0,0,0,0.000225,0,0.0005125,0,0.03065,0.0004375
0,0,0,0,0,0,0,0,0,0,0,0,0,0,0,0.0001375,0,0,0,0,0,0,1.25e-05,0.000175,0,0,0,0.0001375,0,0.0001,0.0001125,0.010537,0,0,0,0,0,0,0,0,0,0,0,0,0,0,0,0,0,0,0,0,0,0,0,0,0,0,0,1.25e-05,0,0,0,0.000175,0,0,0,0,0,0,0,0.0002125,0,0,0,0.000175,0,0.0002125,0.00015,0.014613,0,0,0,0.0001375,0,0.0001,0.000125,0.0089125,1.25e-05,0.0001375,0.000125,0.0082125,0.0001,0.010575,0.0092625,0.90281,0,0,0,0,0,0,0,0,0,0,0,0,0,0,0,0.00045,0,0,0,0,0,1.25e-05,0,0.00025,0,0,0,0.0002125,0,0.000525,0.0003,0.030975
7.5e-05,0,0,0,1.25e-05,0,0,0,0,0,0,0,1.25e-05,0,0,0,0,0,0,0,0,0,0,0,0,0,0,0,0,0,0,0,0.010488,2.5e-05,7.5e-05,1.25e-05,5e-05,0,0,0,5e-05,0,0,0,0,0,0,0,0.0004,0,0,0,1.25e-05,0,0,0,0,0,0,0,0,0,0,0,0.01125,5e-05,2.5e-05,1.25e-05,3.75e-05,0,0,0,8.75e-05,0,0,0,0,0,0,0,0.0002125,0,0,0,0,0,0,0,0,0,0,0,0,0,0,0,0.93149,0.00345,0.0034,1.25e-05,0.00335,2.5e-05,0.000125,0,0.0038375,0,1.25e-05,0,1.25e-05,0,0,0,0.030675,0.00015,0.0001375,0,0.0001,1.25e-05,0,0,0.0003125,0,0,0,1.25e-05,0,0,0
1.25e-05,6.25e-05,0,0,0,1.25e-05,0,0,0,0,0,0,0,1.25e-05,0,0,0,0,0,0,0,0,0,0,0,0,0,0,0,0,0,0,0.0001375,0.010337,0,0.0001125,0,5e-05,0,0,0,6.25e-05,0,0,0,0,0,0,0,0.0004,0,0,0,1.25e-05,0,0,0,0,0,0,0,0,0,0,0.0001,0.011163,0,6.25e-05,0,3.75e-05,0,0,0,8.75e-05,0,0,0,0,0,0,1.25e-05,0.0002125,0,0,0,0,0,0,0,0,0,0,0,0,0,0,0.010087,0.92135,5e-05,0.0060625,2.5e-05,0.003575,0,0.00015,3.75e-05,0.0039125,0,1.25e-05,0,1.25e-05,0,0,0.000425,0.0308,1.25e-05,0.0001875,0,0.0001,0,0,1.25e-05,0.0002875,0,0,0,1.25e-05,0,0
0,0,7.5e-05,0,0,0,1.25e-05,0,0,0,0,0,0,0,1.25e-05,0,0,0,0,0,0,0,0,0,0,0,0,0,0,0,0,0,0.000125,0,0.010212,0.00015,0,0,0.0001375,0,0,0,6.25e-05,0,0,0,0,0,0,0,0.0004125,0,0,0,1.25e-05,0,0,0,0,0,0,0,0,0,0.000125,0,0.010975,0.0001625,0,0,8.75e-05,0,0,0,0.0001,0,0,0,0,0,0,0,0.0002125,1.25e-05,0,0,0,0,0,0,0,0,0,0,0,0,0.012238,0.0001125,0.91029,0.010937,6.25e-05,0,0.0068875,7.5e-05,5e-05,0,0.0041875,5e-05,0,0,3.75e-05,0,0.0005375,0,0.03065,0.00035,0,0,0.0002875,1.25e-05,0,0,0.0003375,0,0,0,1.25e-05,0
0,0,1.25e-05,6.25e-05,0,0,0,1.25e-05,0,0,0,0,0,0,0,1.25e-05,0,0,0,0,0,0,0,0,0,0,0,0,0,0,0,0,0,0.0001,0.0001125,0.010263,0,0,0,0.0001375,0,0,0,7.5e-05,0,0,0,0,0,0,1.25e-05,0.0004,0,0,0,1.25e-05,0,0,0,0,0,0,0,0,0,0.0001125,0.0001,0.011012,0,0,0,0.000125,0,0,0,8.75e-05,0,0,0,0,0,0,1.25e-05,0.000225,0,0,0,0,0,0,0,0,0,0,0,0,0.0001125,0.011888,0.0093875,0.91075,0,6.25e-05,0.0001,0.00765,0,3.75e-05,3.75e-05,0.0044125,0,0,0,3.75e-05,0,0.0005625,0.0004125,0.03105,0,0,0,0.000275,0,0,1.25e-05,0.0003125,0,0,0,1.25e-05
1.25e-05,0,0,0,8.75e-05,0,0,0,0,0,0,0,0,0,0,0,0,0,0,0,0,0,0,0,0,0,0,0,0,0,0,0,0.0001375,0,0,0,0.010175,3.75e-05,0.0002125,1.25e-05,0,0,0,0,0.0001,0,0,0,0,0,0,0,0.0004125,0,2.5e-05,0,0,0,0,0,0,0,0,0,8.75e-05,0,0,0,0.010988,5e-05,0.0001375,1.25e-05,1.25e-05,0,0,0,0.000125,0,0,0,0,0,0,0,0.00025,0,0,0,0,0,0,0,0,0,0,0,0.009825,5e-05,7.5e-05,0,0.90805,0.0037125,0.0146,0.0001,8.75e-05,0,0,0,0.00695,1.25e-05,8.75e-05,0,0.0004,0,2.5e-05,0,0.031863,0.0002,0.0006125,0,0,0,0,0,0.000475,0,0,0
0,1.25e-05,0,0,1.25e-05,7.5e-05,0,0,0,0,0,0,0,0,0,0,0,0,0,0,0,0,0,0,0,0,0,0,0,0,0,0,0,0.0001375,0,0,0.000125,0.01,0,0.0003,0,0,0,0,0,0.0001125,0,0,0,0,0,0,0,0.0004125,0,2.5e-05,0,0,0,0,0,0,0,0,0,8.75e-05,0,0,0.0001,0.010775,0,0.0003,0,1.25e-05,0,0,0,0.000125,0,0,0,0,0,0,1.25e-05,0.00025,0,0,0,0,0,0,0,0,0,0,0.0001375,0.0096375,0,0.0001625,0.0097,0.89166,0.0001875,0.024237,0,8.75e-05,0,0,7.5e-05,0.0070625,0,0.00015,1.25e-05,0.000375,0,2.5e-05,0.0004125,0.031788,3.75e-05,0.0009125,0,0,0,0,1.25e-05,0.0004375,0,1.25e-05
0,0,1.25e-05,0,0,0,8.75e-05,0,0,0,0,0,0,0,0,0,0,0,0,0,0,0,0,0,0,0,0,0,0,0,0,0,0,0,0.000125,0,0.000125,0,0.010087,0.000175,0,0,0,0,0,0,0.00015,0,0,0,0,0,0,0,0.00045,0,0,0,0,0,0,0,0,0,0,0,8.75e-05,0,0.0001125,0,0.01085,0.0001875,0,0,1.25e-05,0,0,0,0.00015,0,0,0,0,0,0,0,0.00025,1.25e-05,0,0,0,0,0,0,0,0,0.0001625,0,0.0090625,0.0001625,0.01115,8.75e-05,0.90146,0.012488,0,0,0.0001,0,8.75e-05,0,0.0078875,0.0001,0,0,0.00045,1.25e-05,0.000575,0,0.032375,0.0004375,0,0,0,0,0,0,0.000525,0
0,0,0,1.25e-05,0,0,1.25e-05,7.5e-05,0,0,0,0,0,0,0,0,0,0,0,0,0,0,0,0,0,0,0,0,0,0,0,0,0,0,0,0.000125,0,0.0001,0.0001,0.010175,0,0,0,0,0,0,0,0.0001625,0,0,0,0,0,0,1.25e-05,0.0004375,0,0,0,0,0,0,0,0,0,0,0,8.75e-05,0,0.0001,0.0001,0.01095,0,0,0,1.25e-05,0,0,0,0.0001375,0,0,0,0,0,0,1.25e-05,0.0002625,0,0,0,0,0,0,0,0,1.25e-05,0.00015,0.0001125,0.0091,0.0001,0.01075,0.009275,0.90429,0,0,0,0.0001,0,7.5e-05,6.25e-05,0.0082625,0,0,1.25e-05,0.0004375,0,0.0006,0.000425,0.03285,0,0,0,0,0,0,1.25e-05,0.0005
1.25e-05,0,0,0,0,0,0,0,6.25e-05,0,0,0,2.5e-05,0,0,0,0,0,0,0,0,0,0,0,0,0,0,0,0,0,0,0,0.000175,0,0,0,0,0,0,0,0.010025,2.5e-05,8.75e-05,1.25e-05,0.0002,0,0,0,1.25e-05,0,0,0,0,0,0,0,0.0005,0,0,0,2.5e-05,0,0,0,0.0001375,0,0,0,0,0,0,0,0.010875,5e-05,1.25e-05,1.25e-05,0.0002625,0,1.25e-05,0,0,0,0,0,0,0,0,0,0.0003125,0,0,0,0,0,0,0,0.011038,3.75e-05,1.25e-05,0,7.5e-05,0,0,0,0.89811,0.0033375,0.0035125,1.25e-05,0.019813,0.000125,0.000275,0,0.0002875,0,0,0,0,0,0,0,0.039275,0.0001625,0.0002,0,0.0008625,1.25e-05,1.25e-05,0
1.25e-05,0,0,0,0,0,0,0,0,6.25e-05,0,0,0,2.5e-05,0,0,0,0,0,0,0,0,0,0,0,0,0,0,0,0,0,0,0,0.000175,0,0,0,0,0,0,0.0001375,0.009875,0,0.0001375,0,0.0002,0,0,0,1.25e-05,0,0,0,0,0,0,0,0.0005,0,0,0,2.5e-05,0,0,0,0.0001375,0,0,0,0,0,0,0.0001,0.010738,0,7.5e-05,0,0.0002875,0,1.25e-05,0,0,0,0,0,0,0,0,1.25e-05,0.0003125,0,0,0,0,0,0,0.00015,0.0109,0,2.5e-05,0,7.5e-05,0,0,0.0095625,0.88602,5e-05,0.0070375,0.0002875,0.02135,0,0.0004,1.25e-05,0.000275,0,0,0,0,0,0,0.0005375,0.039238,1.25e-05,0.0003125,1.25e-05,0.000875,0,2.5e-05
0,0,1.25e-05,0,0,0,0,0,0,0,6.25e-05,0,0,0,2.5e-05,0,0,0,0,0,0,0,0,0,0,0,0,0,0,0,0,0,0,0,0.0001625,0,0,0,1.25e-05,0,0.0001,0,0.009675,0.000125,0,0,0.0004125,2.5e-05,0,0,1.25e-05,0,0,0,0,0,1.25e-05,0,0.0005,0,0,0,2.5e-05,0,0,0,0.000125,1.25e-05,0,0,0,0,0.000125,0,0.010438,0.0001625,0,0,0.0004875,0,0,0,0,0,0,0,0,0,0,0,0.0003125,1.25e-05,0,0,0,0,0.0001625,0,0.010613,0.000125,0,0,0.0001375,0,0.0117,0.0001,0.86874,0.011,0.0003,0,0.032225,0.0004,0,0,0.0003125,0,0,0,0,0,0.00065,0,0.0388,0.00045,0,0,0.001425,2.5e-05
0,0,1.25e-05,0,0,0,0,0,0,0,0,6.25e-05,0,0,0,2.5e-05,0,0,0,0,0,0,0,0,0,0,0,0,0,0,0,0,0,0,0,0.0001625,0,0,0,1.25e-05,0,8.75e-05,0.0001125,0.0097,0,0,0,0.0004375,0,0,0,1.25e-05,0,0,0,0,0,1.25e-05,1.25e-05,0.0004875,0,0,0,2.5e-05,0,0,0,0.0001375,0,0,0,0,0,0.0001125,0.0001,0.010462,0,0,0,0.000525,0,0,0,0,0,0,0,0,0,0,1.25e-05,0.000325,0,0,0,0,0,0.00015,0.000125,0.010613,0,0,0,0.0001375,0.0001125,0.011275,0.008825,0.86855,0,0.0003375,0.000425,0.03445,0,0,1.25e-05,0.0003,0,0,0,0,0,0.000675,0.0005125,0.039212,0,0,2.5e-05,0.001425
0,0,0,0,1.25e-05,0,0,0,1.25e-05,0,0,0,7.5e-05,0,0,0,0,0,0,0,0,0,0,0,0,0,0,0,0,0,0,0,0,0,0,0,0.0001625,0,1.25e-05,0,0.0001375,0,0,0,0.0099,3.75e-05,0.0002375,1.25e-05,0,0,0,0,1.25e-05,0,0,0,0,0,0,0,0.000525,0,2.5e-05,0,0,0,0,0,0.0001125,0,0,0,0.0001,0,0,0,0.010837,6.25e-05,0.0001625,1.25e-05,0,0,0,0,0,0,0,0,0,0,0,0,0.000375,0,0,0,0.00015,0,0,0,0.0105,3.75e-05,0.0001125,0,0.0087625,3.75e-05,8.75e-05,0,0.89318,0.0038375,0.017075,0.0001125,0,0,0,0,0.0002875,0,0,0,0.000425,0,2.5e-05,0,0.041525,0.0002125,0.0008125,0
0,0,0,0,1.25e-05,0,0,0,0,1.25e-05,0,0,0,7.5e-05,0,0,0,0,0,0,0,0,0,0,0,0,0,0,0,0,0,0,0,0,0,0,0,0.0001625,0,1.25e-05,0,0.0001375,0,0,0.000125,0.00975,0,0.0003125,0,0,0,0,0,1.25e-05,0,0,0,0,0,0,0,0.000525,0,2.5e-05,0,0,0,0,0,0.0001125,0,0,0,0.0001,0,0,0.0001,0.010613,0,0.00035,0,0,0,0,0,0,0,0,0,0,0,0,1.25e-05,0.000375,0,0,0,0.00015,0,0,0.0001375,0.010325,1.25e-05,0.0001625,0.0001375,0.008575,0,0.0001625,0.009425,0.87682,0.0002375,0.027238,0,0,0,0,1.25e-05,0.0002625,0,1.25e-05,1.25e-05,0.0004,0,2.5e-05,0.0005375,0.0412,3.75e-05,0.0012875
0,0,0,0,0,0,1.25e-05,0,0,0,1.25e-05,0,0,0,7.5e-05,0,0,0,0,0,0,0,0,0,0,0,0,0,0,0,0,0,0,0,0,0,0,0,0.000175,0,0,0,0.000125,0,0.0001,0,0.0099125,0.000175,0,0,0,0,0,0,1.25e-05,0,0,0,0,0,1.25e-05,0,0.00055,0,0,0,0,0,0,0,0.0001,1.25e-05,0,0,0.0001,0,0.0001125,0,0.01075,0.0002,0,0,0,0,0,0,0,0,0,0,0,0,0,0,0.000375,1.25e-05,0,0,0.00015,0,0.00015,0,0.0102,0.0001625,0.00015,0,0.0081,0.0001375,0.010875,7.5e-05,0.89001,0.013012,0,0,0,0,0,0,0.0003125,0,1.25e-05,0,0.0004625,1.25e-05,0.000675,0,0.042125,0.00055
0,0,0,0,0,0,1.25e-05,0,0,0,0,1.25e-05,0,0,0,7.5e-05,0,0,0,0,0,0,0,0,0,0,0,0,0,0,0,0,0,0,0,0,0,0,0,0.000175,0,0,0,0.000125,0,8.75e-05,0.0001,0.01,0,0,0,0,0,0,0,1.25e-05,0,0,0,0,0,1.25e-05,1.25e-05,0.0005375,0,0,0,0,0,0,0,0.0001125,0,0,0,0.0001,0,0.0001,0.0001,0.01085,0,0,0,0,0,0,0,0,0,0,0,0,0,0,1.25e-05,0.0003875,0,0,0,0.00015,0,0.0001375,0.000125,0.010238,1.25e-05,0.0001375,0.0001125,0.0081125,0.0001,0.010462,0.0090625,0.89386,0,0,0,0,0,0,1.25e-05,0.0003,0,1.25e-05,1.25e-05,0.00045,0,0.0007,0.00055,0.042625
0,0,0,0,0,0,0,0,0,0,0,0,0,0,0,0,7.5e-05,0,0,0,1.25e-05,0,0,0,0,0,0,0,1.25e-05,0,0,0,0.0001125,0,0,0,0,0,0,0,0,0,0,0,0,0,0,0,0.01035,2.5e-05,7.5e-05,0,6.25e-05,0,0,0,0.0004375,0,0,0,0,0,0,0,0.0001875,0,0,0,0,0,0,0,0,0,0,0,0,0,0,0,0.010512,5e-05,2.5e-05,1.25e-05,3.75e-05,0,0,0,0.000375,0,0,0,0,0,0,0,0.013475,3.75e-05,0,0,2.5e-05,0,0,0,0.0002,0,0,0,0,0,0,0,0.91697,0.0035875,0.003525,1.25e-05,0.003825,2.5e-05,0.0001125,0,0.035475,5e-05,7.5e-05,0,0.0002125,1.25e-05,1.25e-05,0
0,0,0,0,0,0,0,0,0,0,0,0,0,0,0,0,1.25e-05,6.25e-05,0,0,0,1.25e-05,0,0,0,0,0,0,0,1.25e-05,0,0,0,0.0001125,0,0,0,0,0,0,0,0,0,0,0,0,0,0,0.0001375,0.0102,0,0.0001,0,6.25e-05,0,0,0,0.00045,0,0,0,0,0,0,0,0.0001875,0,0,0,0,0,0,0,0,0,0,0,0,0,0,8.75e-05,0.010412,0,8.75e-05,0,3.75e-05,0,0,2.5e-05,0.000375,0,0,0,0,0,0,0.0001375,0.013312,0,3.75e-05,0,3.75e-05,0,0,0,0.0002,0,0,0,0,0,0,0.0099375,0.90648,7.5e-05,0.0064125,3.75e-05,0.00415,0,0.00015,0.0004375,0.0357,0,0.0002875,0,0.000225,0,1.25e-05
0,0,0,0,0,0,0,0,0,0,0,0,0,0,0,0,0,0,7.5e-05,0,0,0,1.25e-05,0,0,0,0,0,0,0,1.25e-05,0,0,0,0.0001,1.25e-05,0,0,0,0,0,0,0,0,0,0,0,0,0.000125,0,0.010063,0.0001375,0,0,0.00015,0,0,0,0.000475,0,0,0,0,0,1.25e-05,0,0.000175,0,0,0,0,0,0,0,0,0,0,0,0,0,0.0001125,0,0.01025,0.000175,0,0,8.75e-05,0,0,0,0.0003875,0,0,0,0,0,0.0002,0,0.013088,8.75e-05,0,0,8.75e-05,0,0,0,0.0002125,0,0,0,0,0,0.01195,0.0001,0.89354,0.011088,8.75e-05,0,0.0085875,0.0001125,0.0006125,1.25e-05,0.037012,0.0003625,0,0,0.0004875,1.25e-05
0,0,0,0,0,0,0,0,0,0,0,0,0,0,0,0,0,0,1.25e-05,6.25e-05,0,0,0,1.25e-05,0,0,0,0,0,0,0,1.25e-05,0,0,0,0.0001125,0,0,0,0,0,0,0,0,0,0,0,0,0,0.0001,0.000125,0.010087,0,0,0,0.00015,0,0,0,0.0004875,0,0,0,0,0,1.25e-05,0,0.000175,0,0,0,0,0,0,0,0,0,0,0,0,0,0.0001,8.75e-05,0.010313,0,0,0,0.0001125,0,0,2.5e-05,0.000375,0,0,0,1.25e-05,0,0.0002,0.000125,0.013025,0,0,1.25e-05,8.75e-05,0,0,0,0.0002125,0,0,0,0,8.75e-05,0.011612,0.0092625,0.89405,0,8.75e-05,0.0001,0.0094125,2.5e-05,0.0006125,0.000425,0.03775,0,0,0,0.0005375
0,0,0,0,0,0,0,0,0,0,0,0,0,0,0,0,1.25e-05,0,0,0,8.75e-05,0,0,0,0,0,0,0,0,0,0,0,0,0,0,0,8.75e-05,0,2.5e-05,0,0,0,0,0,0,0,0,0,0.000125,0,0,0,0.010063,2.5e-05,0.0002,0,1.25e-05,0,0,0,0.0005,1.25e-05,1.25e-05,0,0,0,0,0,0.000175,0,0,0,0,0,0,0,1.25e-05,0,0,0,7.5e-05,0,0,0,0.01025,5e-05,0.0001375,1.25e-05,2.5e-05,0,0,0,0.00045,0,0,0,0.0001875,0,0,0,0.013062,3.75e-05,0.0001375,0,0,0,0,0,0.0002875,0,0,0,0.009575,6.25e-05,0.0001,0,0.88651,0.00385,0.01505,0.0001,0.0004375,0,0,0,0.047238,0.0001125,0.0009,0
0,0,0,0,0,0,0,0,0,0,0,0,0,0,0,0,0,1.25e-05,0,0,1.25e-05,7.5e-05,0,0,0,0,0,0,0,0,0,0,0,0,0,0,0,8.75e-05,0,2.5e-05,0,0,0,0,0,0,0,0,0,0.000125,0,0,0.000125,0.009875,0,0.000275,0,1.25e-05,0,0,0,0.000525,0,1.25e-05,0,0,0,0,0,0.000175,0,0,0,0,0,0,0,1.25e-05,0,0,0,7.5e-05,0,0,0.0001,0.010025,0,0.0003125,0,2.5e-05,0,0,1.25e-05,0.0004625,0,0,0,0.0001875,0,0,0.0001375,0.012738,0,0.000325,0,0,0,0,0,0.0003,0,0,0.000125,0.009425,0,0.0001625,0.0095125,0.87023,0.0002375,0.024637,2.5e-05,0.0003875,0,2.5e-05,0.0005,0.047175,1.25e-05,0.0015
0,0,0,0,0,0,0,0,0,0,0,0,0,0,0,0,0,0,1.25e-05,0,0,0,8.75e-05,0,0,0,0,0,0,0,0,0,0,0,0,0,0,0,0.0001,1.25e-05,0,0,0,0,0,0,0,0,0,0,0.0001125,0,0.000125,0,0.009975,0.00015,0,0,1.25e-05,0,0,0,0.0005625,1.25e-05,0,0,0,0,1.25e-05,0,0.0001625,0,0,0,0,0,0,0,1.25e-05,0,0,0,7.5e-05,0,0.0001,0,0.010125,0.0002,0,0,2.5e-05,0,0,0,0.000475,0,0,0,0.000175,0,0.000175,0,0.012875,0.0001125,0,0,0,0,0,0,0.0003125,0,0.0001125,0,0.0089875,0.0001625,0.010937,7.5e-05,0.87961,0.012587,3.75e-05,0,0.0003875,0,0.0006875,1.25e-05,0.049813,0.0005875
0,0,0,0,0,0,0,0,0,0,0,0,0,0,0,0,0,0,0,1.25e-05,0,0,1.25e-05,7.5e-05,0,0,0,0,0,0,0,0,0,0,0,0,0,0,0,0.0001125,0,0,0,0,0,0,0,0,0,0,0,0.0001125,0,0.0001,0.0001125,0.010025,0,0,0,1.25e-05,0,0,0,0.0005875,0,0,0,0,0,1.25e-05,0,0.0001625,0,0,0,0,0,0,0,1.25e-05,0,0,0,7.5e-05,0,8.75e-05,0.0001,0.010225,0,0,0,2.5e-05,0,0,1.25e-05,0.0004875,0,0,0,0.000175,0,0.000175,0.0001375,0.012812,0,0,0,0,0,0,0,0.000325,0,0.0001125,0.0001125,0.0090125,8.75e-05,0.01055,0.0091125,0.88254,1.25e-05,2.5e-05,1.25e-05,0.000375,1.25e-05,0.0006875,0.0005,0.050862
0,0,0,0,0,0,0,0,0,0,0,0,0,0,0,0,1.25e-05,0,0,0,0,0,0,0,6.25e-05,0,0,0,2.5e-05,0,0,0,0,0,0,0,0,0,0,0,0.0001125,0,0,0,0,0,0,0,0.000175,0,0,0,0,0,0,0,0.0104,2.5e-05,8.75e-05,0,0.0002125,0,0,0,1.25e-05,0,0,0,0,0,0,0,0.000175,0,0,0,0,0,0,0,0.0001,0,0,0,0,0,0,0,0.010537,5e-05,1.25e-05,1.25e-05,0.0002875,0,1.25e-05,0,0.0002,0,0,0,0,0,0,0,0.01285,3.75e-05,0,0,0.0002875,0,0,0,0.0096625,3.75e-05,1.25e-05,0,7.5e-05,0,0,0,0.92285,0.0035375,0.003775,1.25e-05,0.0239,0.0001375,0.0003125,0
0,0,0,0,0,0,0,0,0,0,0,0,0,0,0,0,1.25e-05,0,0,0,0,0,0,0,0,6.25e-05,0,0,0,2.5e-05,0,0,0,0,0,0,0,0,0,0,0,0.0001125,0,0,0,0,0,0,0,0.000175,0,0,0,0,0,0,0.0001375,0.01025,0,0.000125,0,0.0002125,0,0,0,1.25e-05,0,0,0,0,0,0,0,0.000175,0,0,0,0,0,0,0,0.0001,0,0,0,0,0,0,0.0001125,0.0104,0,8.75e-05,0,0.0003125,0,1.25e-05,0,0.0002,0,0,0,0,0,0,0.0001375,0.01265,0,3.75e-05,0,0.000325,0,1.25e-05,0.00015,0.009525,0,2.5e-05,0,7.5e-05,0,0,0.0099,0.91053,7.5e-05,0.0077875,0.0003375,0.025437,0,0.000475
0,0,0,0,0,0,0,0,0,0,0,0,0,0,0,0,0,0,1.25e-05,0,0,0,0,0,0,0,6.25e-05,0,0,0,2.5e-05,0,0,0,0,0,0,0,0,0,0,0,0.0001,1.25e-05,0,0,0,0,0,0,0.0001625,0,0,0,1.25e-05,0,0.0001125,0,0.01005,0.0001125,0,0,0.000425,2.5e-05,0,0,1.25e-05,0,0,0,0,0,1.25e-05,0,0.0001625,0,0,0,0,0,0,0,8.75e-05,1.25e-05,0,0,0,0,0.0001125,0,0.010125,0.000175,0,0,0.0005,0,0,0,0.000175,0,0,0,0,0,0.0002,0,0.012375,8.75e-05,0,0,0.000475,0,0.0001375,0,0.0093125,0.000125,0,0,0.0001375,0,0.01205,0.0001,0.89259,0.011513,0.0003875,0,0.037512,0.0005125
0,0,0,0,0,0,0,0,0,0,0,0,0,0,0,0,0,0,1.25e-05,0,0,0,0,0,0,0,0,6.25e-05,0,0,0,2.5e-05,0,0,0,0,0,0,0,0,0,0,0,0.0001125,0,0,0,0,0,0,0,0.0001625,0,0,0,1.25e-05,0,0.0001,0.000125,0.01005,0,0,0,0.00045,0,0,0,1.25e-05,0,0,0,0,0,1.25e-05,0,0.0001625,0,0,0,0,0,0,0,0.0001,0,0,0,0,0,0.0001,0.0001125,0.010175,0,0,0,0.0005375,0,0,0,0.000175,0,0,0,0,0,0.0002,0.000125,0.012275,0,0,1.25e-05,0.0005125,0,0.000125,0.000125,0.0093125,0,0,0,0.0001375,0.0001125,0.01165,0.0091625,0.89302,0,0.000425,0.000475,0.039825
0,0,0,0,0,0,0,0,0,0,0,0,0,0,0,0,0,0,0,0,1.25e-05,0,0,0,1.25e-05,0,0,0,7.5e-05,0,0,0,0,0,0,0,0,0,0,0,0,0,0,0,8.75e-05,0,2.5e-05,0,0,0,0,0,0.0001625,0,1.25e-05,0,0.0001375,0,0,0,0.010313,3.75e-05,0.0002375,0,0,0,0,0,1.25e-05,0,0,0,0,0,0,0,0.000175,0,0,0,0,0,0,0,8.75e-05,0,0,0,0.0001,0,0,0,0.010575,6.25e-05,0.0001625,1.25e-05,0,0,0,0,0.0002,0,0,0,0.000175,0,0,0,0.012762,3.75e-05,0.000175,0,0.0001375,0,0,0,0.0091875,3.75e-05,0.0001125,0,0.008925,5e-05,0.0001125,0,0.9231,0.0040875,0.018488,0.0001125
0,0,0,0,0,0,0,0,0,0,0,0,0,0,0,0,0,0,0,0,1.25e-05,0,0,0,0,1.25e-05,0,0,0,7.5e-05,0,0,0,0,0,0,0,0,0,0,0,0,0,0,0,8.75e-05,0,2.5e-05,0,0,0,0,0,0.0001625,0,1.25e-05,0,0.0001375,0,0,0.000125,0.010162,0,0.0003,0,0,0,0,0,1.25e-05,0,0,0,0,0,0,0,0.000175,0,0,0,0,0,0,0,8.75e-05,0,0,0,0.0001,0,0,0.0001125,0.010363,0,0.00035,0,0,0,0,0,0.0002,0,0,0,0.000175,0,0,0.0001375,0.012438,0,0.000375,0,0.0001375,0,0,0.0001375,0.009025,1.25e-05,0.00015,0.00015,0.008725,0,0.0001875,0.0097875,0.90643,0.0003,0.029325
0,0,0,0,0,0,0,0,0,0,0,0,0,0,0,0,0,0,0,0,0,0,1.25e-05,0,0,0,1.25e-05,0,0,0,7.5e-05,0,0,0,0,0,0,0,0,0,0,0,0,0,0,0,0.0001,1.25e-05,0,0,0,0,0,0,0.000175,0,0,0,0.000125,0,0.0001125,0,0.010325,0.0001625,0,0,0,0,0,0,1.25e-05,0,0,0,0,0,1.25e-05,0,0.0001625,0,0,0,0,0,0,0,7.5e-05,1.25e-05,0,0,0.0001,0,0.0001,0,0.0105,0.0002125,0,0,0,0,0,0,0.000175,0,0,0,0.0001625,0,0.0001625,0,0.012675,0.0001125,0,0,0.0001375,0,0.000125,0,0.008975,0.00015,0.00015,0,0.0083625,0.0001375,0.0114,7.5e-05,0.92117,0.013725
0,0,0,0,0,0,0,0,0,0,0,0,0,0,0,0,0,0,0,0,0,0,1.25e-05,0,0,0,0,1.25e-05,0,0,0,7.5e-05,0,0,0,0,0,0,0,0,0,0,0,0,0,0,0,0.0001125,0,0,0,0,0,0,0,0.000175,0,0,0,0.000125,0,0.0001,0.0001125,0.010387,0,0,0,0,0,0,0,1.25e-05,0,0,0,0,0,1.25e-05,0,0.0001625,0,0,0,0,0,0,0,8.75e-05,0,0,0,0.0001,0,8.75e-05,0.0001125,0.010625,0,0,0,0,0,0,0,0.000175,0,0,0,0.0001625,0,0.0001625,0.0001375,0.012625,0,0,0,0.0001375,0,0.0001125,0.000125,0.009,1.25e-05,0.0001375,0.000125,0.00835,0.0001,0.011012,0.0094625,0.92585
